1.4001,0,0.51,2.16,0.002288721,-0.002149839,-0.01329702
1.4297,0,0.51,2.17,0.012506575084430881,0.015383688617627497,-0.009227638
1.46,0,0.51,2.15,0.008294285,-0.012970378,0.000360895
1.4912,0,0.51,2.16,0.004491407,0.027020754399053878,-0.019569818
1.518,0,0.51,2.16,0.004327446,-0.003490214,-0.006419098
1.5467,0,0.51,2.16,0.012366947189471102,0.0223997,-0.009308693
1.5758,0,0.51,2.17,0.002351918,-0.013868412,-0.016588558
1.6056,0,0.51,2.17,0.010303254700075658,0.028066233189450056,0.000771474
1.6343,0,0.51,2.17,0.008249811,-0.016977361,-0.030039565
1.6623,0,0.51,2.17,0.008349821,0.005596224,0.014035155650588152
1.6919,0,0.51,2.16,0.006483163,0.023735722,-0.029668077
1.7198,0,0.51,2.16,0.006370544,0.002523233,-0.009621531
1.7495,0,0.51,2.16,0.006362244,0.021202244983910056,-0.012865101
1.7774,0,0.51,2.17,0.010351235231896955,-0.002014269,-0.012945611
1.806,0,0.51,2.17,0.006360759,0.018561209985969426,0.000600974
1.8354,0,0.51,2.16,0.010336332756727587,-0.018227854,-0.029940572
1.8634,0,0.51,2.16,0.010412023944293997,0.025544740190681786,0.00750043
1.8911,0,0.51,2.14,0.0084894,0.022304768,-0.016086808
1.9199,0,0.51,2.17,0.010386785381967866,-0.004495774,-0.009651687
1.9492,0,0.51,2.17,0.010486456768614212,0.021100914254623078,-0.005905756
1.9777,0,0.51,2.17,0.008321366,-0.000930756,-0.012975155
2.0058,0,0.51,2.17,0.008340321,0.022503006658336194,-0.022943224
2.0352,0,0.51,2.17,0.010394538539412898,-0.009008449,-0.023079039
2.0633,0,0.51,2.17,0.010364198364058816,0.034683792,0.021078437528690715
2.0918,0,0.51,2.16,0.004195369,0.015526927510953279,-0.019739978
2.1206,0,0.51,2.18,0.00424053,-0.012521011,-0.016584623
2.1489,0,0.51,2.16,0.004478058,0.020193554730829066,-0.029772695
2.1777,0,0.51,2.16,0.010367278731586663,-0.002320443,-0.009579687
2.206,0,0.51,2.17,0.008375591,0.024523267257564416,0.004081244
2.2363,0,0.51,2.16,0.002213524,-0.008938533,-0.013204223
3.653,0.1,0.51,2.17,0.006433169,-0.013225752,-0.073850809
3.6833,0.1,0.51,2.17,0.010464883956162055,0.028151438,-0.026199732
3.7139,0.1,0.51,2.18,0.010354266251232147,-0.015293949,-0.073806753
3.7439,0.1,0.51,2.15,0.00642485,0.039885412,-0.036438983
3.7711,0.1,0.51,2.17,0.008551029,0.025019606,-0.053276419
3.8022,0.1,0.51,2.17,0.010400115,0.016827047323388734,-0.036450906
3.8339,0.1,0.51,2.17,0.006390097,-0.015160982,-0.087399474
3.8637,0.1,0.51,2.15,0.010426838191338234,0.032695269,-0.016069377
3.895,0.1,0.51,2.15,0.010506010081093895,-0.013396628,-0.066988212
3.9224,0.1,0.51,2.19,0.004297375,0.027310370513972407,-0.03654397
3.9531,0.1,0.51,2.17,0.006250121,-0.010388555,-0.084008144
3.9843,0.1,0.51,2.17,0.010462335360329353,0.037228874938082045,-0.005952149
4.0137,0.1,0.51,2.19,0.000269883,-0.01402763,-0.08421569
4.0416,0.1,0.51,2.17,0.006389987,-0.006501331,-0.050282525
4.0709,0.1,0.51,2.16,0.014589376437291895,0.023548342,-0.042970932
4.1,0.1,0.51,2.17,0.010432782122044968,-0.001810001,-0.043317556
4.1326,0.1,0.51,2.15,0.010435475554205285,0.007869951,-0.066849997
4.161,0.1,0.51,2.17,0.008416688,-0.007795866,-0.029908156
4.1891,0.1,0.51,2.15,0.006559302,0.019075704862808185,-0.049977238
4.218,0.1,0.51,2.17,0.006526949,-0.004274029,-0.063719578
4.2478,0.1,0.51,2.17,0.010489579996362314,0.016780407440253733,-0.046532965
4.2796,0.1,0.51,2.16,-0.001816479,0.002927387,-0.043822591
4.3094,0.1,0.51,2.16,0.00850477,0.020555648,-0.066786869
4.3435,0.1,0.51,2.17,0.012489399,0.01518853,-0.022930707
4.3766,0.1,0.51,2.15,0.008385588,-0.002761826,-0.050129965
4.4084,0.1,0.51,2.17,0.008560185,0.022578683123741592,-0.049851976
4.4411,0.1,0.51,2.16,0.006265024,-0.010988297,-0.050317695
4.4738,0.1,0.51,2.16,0.00828386,-0.002233708,-0.073752004
4.5069,0.1,0.51,2.16,0.012367076849637745,0.027396628294389946,-0.039675013
4.5403,0.1,0.51,2.17,0.006442785,-0.002146211,-0.033358208
5.9479,0.2,0.51,2.16,-0.00151401,0.019744942676263172,-0.11780543
5.98,0.2,0.51,2.17,0.010415619310268126,-0.008181228,-0.107596654
6.0091,0.2,0.51,2.17,0.008616512,0.023212342164785228,-0.107320898
6.0407,0.2,0.51,2.16,0.004424619,-0.011750655,-0.111197423
6.0703,0.2,0.51,2.17,0.014621094,0.024679558,-0.117199344
6.101,0.2,0.51,2.16,0.00035972,-0.009616863,-0.097794359
6.1313,0.2,0.51,2.15,0.012613193585155929,0.025383776796568717,-0.100455749
6.1598,0.2,0.51,2.18,0.006399823,-0.001402219,-0.097579804
6.1893,0.2,0.51,2.17,0.014720460242683366,0.019767936897650953,-0.1172942
6.222,0.2,0.51,2.17,0.012455994733497726,-0.0026188,-0.080467568
6.2493,0.2,0.51,2.16,0.006627402,0.014936355197930868,-0.104011141
6.2796,0.2,0.51,2.15,0.012436909013898555,-0.00289729,-0.070384647
6.312,0.2,0.51,2.15,0.006608341,0.016871687884896888,-0.093952446
6.3404,0.2,0.51,2.15,0.002471204,-0.003750758,-0.107878601
6.3707,0.2,0.51,2.17,0.002448525,0.026469634946786107,-0.097382411
6.4014,0.2,0.51,2.16,0.004412295,-0.009520754,-0.094277042
6.4342,0.2,0.51,2.17,0.008561958,0.009171313,-0.114154284
6.4665,0.2,0.51,2.17,0.010629612,0.021702314,-0.093773922
6.4988,0.2,0.51,2.15,0.00655725,0.000961503,-0.104223756
6.5296,0.2,0.51,2.17,0.008593059,0.020950601050547173,-0.110627963
6.561,0.2,0.51,2.16,0.006386149,-0.008259181,-0.104334521
6.5936,0.2,0.51,2.17,0.006497409,0.015413083799391533,-0.120950478
6.6244,0.2,0.51,2.16,0.012713286241873933,0.031713317264267744,-0.07000341
6.6561,0.2,0.51,2.16,0.00853405,-0.011522004,-0.124493672
6.689,0.2,0.51,2.17,0.006459161,0.019657392396103607,-0.093937107
6.7228,0.2,0.51,2.17,0.004392886,-0.009829006,-0.080745961
6.7559,0.2,0.51,2.16,0.008498597,-0.011524082,-0.114328516
6.7891,0.2,0.51,2.16,0.010527958123341457,0.017533026718568535,-0.103912656
6.8215,0.2,0.51,2.14,0.004442017,-0.014412723,-0.090931254
6.8552,0.2,0.51,2.17,0.012454847,-0.011406141,-0.121025682
8.2731,0.3,0.51,2.16,0.000540491,0.017254493,-0.195393599
8.3024,0.3,0.51,2.16,0.000489193,-0.004325786,-0.165311554
8.3313,0.3,0.51,2.15,0.008685971,0.033426544,-0.181480877
8.3648,0.3,0.51,2.16,0.008672332,0.037173295260385354,-0.137708016
8.3959,0.3,0.51,2.16,0.00852762,-0.008733945,-0.178580469
8.4268,0.3,0.51,2.17,0.012715411856538218,0.025920103082740002,-0.161248444
8.4584,0.3,0.51,2.16,0.000553159,0.000558732,-0.178760044
8.4898,0.3,0.51,2.16,0.002763061,0.020451079,-0.195314374
8.5188,0.3,0.51,2.16,0.010464657370165834,0.006428082,-0.168267349
8.548,0.3,0.51,2.17,0.006604856,0.022727994358158317,-0.174947167
8.5766,0.3,0.51,2.17,0.010653493798404542,-0.009972935,-0.185219116
8.6046,0.3,0.51,2.16,0.012696297201274107,0.034870547,-0.144366445
8.6329,0.3,0.51,2.16,0.008741545,0.014404246,-0.185015896
8.663,0.3,0.51,2.16,0.006454095,0.008542919,-0.158229347
8.6918,0.3,0.51,2.17,0.008825821,0.023553306069158803,-0.174836722
8.7251,0.3,0.51,2.16,0.014802026294715748,0.033628783,-0.140915517
8.7552,0.3,0.51,2.17,0.004507809,-0.013137359,-0.192200843
8.7854,0.3,0.51,2.17,0.002504823,0.036332228,-0.148052253
8.8143,0.3,0.51,2.17,0.004522672,-0.012898058,-0.202263119
8.8425,0.3,0.51,2.17,0.008534256,-0.011326365,-0.161707522
8.8732,0.3,0.51,2.16,0.004682624,0.026263135177552095,-0.181724407
8.9074,0.3,0.51,2.17,0.010701779989065454,0.038543603,-0.147689391
8.9376,0.3,0.51,2.15,0.008540946,-0.004120568,-0.168353367
8.9711,0.3,0.51,2.16,0.018800032144917118,0.022736728,-0.188008536
9.0026,0.3,0.51,2.15,0.002453664,-0.003136636,-0.161886235
9.0318,0.3,0.51,2.16,0.004522203,0.033216848,-0.164819566
9.0629,0.3,0.51,2.17,0.008570765,-0.01149612,-0.151548498
9.0935,0.3,0.51,2.15,-0.001481136,0.018116860602217552,-0.178581417
9.1242,0.3,0.51,2.17,0.004683853,0.018806431421122163,-0.154788675
9.1534,0.3,0.51,2.17,0.004523867,0.017130255704258412,-0.178448944
10.5712,0.4,0.51,2.17,0.004696595,0.02233838,-0.269607097
10.6,0.4,0.51,2.17,0.008774848,-0.001224296,-0.26288665
10.6297,0.4,0.51,2.16,0.006684022,0.016231053,-0.249342617
10.6622,0.4,0.51,2.17,0.002663132,-0.007027677,-0.266567458
10.6941,0.4,0.51,2.15,0.004753794,0.024818389690224225,-0.269562214
10.7239,0.4,0.51,2.16,0.008727449,-0.005981821,-0.246072576
10.7558,0.4,0.51,2.16,0.000717567,0.010789289355902539,-0.279912395
10.7861,0.4,0.51,2.16,0.008834225,0.0358096,-0.232186716
10.8177,0.4,0.51,2.15,0.000778921,-0.01025019,-0.283450827
10.8547,0.4,0.51,2.15,0.004703555,0.019775723,-0.25618231
10.8878,0.4,0.51,2.16,0.012883989932081395,0.026391633229057757,-0.238902648
10.9198,0.4,0.51,2.17,0.002803204,0.00252964,-0.273195196
10.9501,0.4,0.51,2.16,0.004754926,0.019845268740737776,-0.256085563
10.9797,0.4,0.51,2.16,0.00887836,-0.00129544,-0.25615462
11.0106,0.4,0.51,2.15,0.002846329,0.014263087116237408,-0.283165322
11.0415,0.4,0.51,2.16,0.006617768,0.002265628,-0.246127716
11.0719,0.4,0.51,2.16,0.006807828,0.023477318,-0.262759873
11.1037,0.4,0.51,2.15,0.006559538,-0.0091676,-0.252965023
11.1317,0.4,0.51,2.17,0.006867422,0.021008013117509775,-0.266128008
11.1615,0.4,0.51,2.16,0.004684547,0.003357071,-0.239390937
11.1928,0.4,0.51,2.17,0.004790056,0.019817583954056982,-0.262802559
11.2229,0.4,0.51,2.17,0.008665064,-0.010708887,-0.23263108
11.2559,0.4,0.51,2.16,-0.001355219,-0.011003878,-0.293629682
11.2864,0.4,0.51,2.17,0.012844812007918783,0.035908585258463355,-0.242248944
11.3171,0.4,0.51,2.17,0.004675134,-0.024236275,-0.280071065
11.3526,0.4,0.51,2.17,0.008721765,0.027178432522118615,-0.266001057
11.3848,0.4,0.51,2.17,0.006795461,0.004362363,-0.249426388
11.4162,0.4,0.51,2.17,0.00268748,-0.020642293,-0.283428305
11.4474,0.4,0.51,2.16,0.004796687,0.028667920544582552,-0.239154759
11.4771,0.4,0.51,2.17,0.004733639,-0.01720093,-0.276633467
12.894,0.5,0.52,2.16,0.007162605,0.024375538322292303,-0.394378517
12.9228,0.5,0.52,2.15,0.002919008,0.000859872,-0.367797942
12.9547,0.5,0.52,2.17,0.002849548,0.035611198,-0.340584919
12.9836,0.5,0.52,2.16,0.006850596,-0.008322847,-0.367735807
13.0115,0.5,0.52,2.16,0.004868089,0.018293763931532668,-0.35067466
13.0403,0.5,0.51,2.16,-0.001125349,-0.001671205,-0.354449307
13.0747,0.5,0.52,2.17,0.004912969,0.022899792,-0.354040229
13.1065,0.5,0.52,2.17,0.011064337726307901,0.00971729,-0.343825509
13.135,0.5,0.52,2.15,0.011011631076490218,0.03113467,-0.35721138
13.1648,0.5,0.52,2.14,0.000833744,-0.014575272,-0.347760283
13.1966,0.5,0.51,2.16,0.000806265,0.011679404172007796,-0.377850353
13.2254,0.5,0.52,2.15,0.004713835,-0.01211502,-0.354454897
13.2545,0.5,0.51,2.16,0.005051416,0.027768129062414184,-0.380943357
13.2858,0.5,0.51,2.17,0.010822857740707794,0.000821736,-0.343937136
13.3164,0.5,0.52,2.16,0.002864169,0.019576692169115083,-0.360821418
13.3477,0.5,0.52,2.16,0.007067177,0.028457542909590947,-0.347103421
13.3786,0.5,0.51,2.16,0.000881554,-0.020661458,-0.40511524
13.4097,0.5,0.52,2.16,0.002827753,0.028705620625396937,-0.350746508
13.4379,0.5,0.52,2.15,0.004860557,-0.01132619,-0.394785717
13.4689,0.5,0.51,2.17,0.002790786,0.035291441756255676,-0.320316198
13.5,0.5,0.51,2.17,0.008854395,-0.009336015,-0.371023904
13.5279,0.5,0.51,2.17,0.007025233,0.032991947,-0.340400581
13.5569,0.5,0.52,2.17,0.006817837,0.001355029,-0.381103092
13.5861,0.5,0.52,2.17,0.002813252,-0.003618364,-0.364481177
13.6143,0.5,0.52,2.16,0.00489293,0.025680123,-0.37429275
13.6422,0.5,0.51,2.17,0.004822401,0.001877292,-0.347538413
13.6717,0.5,0.51,2.16,0.005022976,0.018188283247390396,-0.364176717
13.7013,0.5,0.51,2.17,0.006953711,-0.003726347,-0.371038923
13.7345,0.5,0.52,2.18,0.008973366,0.025228576775274493,-0.343692106
13.768,0.5,0.51,2.17,0.006903337,0.014490142,-0.337213333
15.1952,0.6,0.52,2.16,0.000988923,0.019606941,-0.482515869
15.2237,0.6,0.51,2.17,0.006969437,0.002034806,-0.469012544
15.2517,0.6,0.52,2.17,0.011127463622814688,0.020235968,-0.458613204
15.2807,0.6,0.52,2.16,0.009099616,-0.015409039,-0.489294218
15.3107,0.6,0.52,2.17,0.007151116,0.041356225,-0.458570401
15.3411,0.6,0.52,2.17,0.000861551,-0.0105045,-0.489523995
15.3728,0.6,0.51,2.15,0.013076801,0.030954271,-0.46519624
15.4036,0.6,0.52,2.17,0.00904912,0.00307721,-0.468903483
15.4331,0.6,0.52,2.16,0.001155951,0.019289742,-0.475748684
15.462,0.6,0.51,2.17,0.007041104,-0.007391567,-0.472369596
15.4905,0.6,0.52,2.16,0.009116719,0.037572255,-0.441668432
15.5191,0.6,0.52,2.16,0.00908586,-0.006021957,-0.482426552
15.5484,0.6,0.52,2.17,0.007061632,0.010932959186536702,-0.438543484
15.5798,0.6,0.52,2.17,0.009042392,-0.020102871,-0.489314876
15.6096,0.6,0.52,2.17,0.011020170444358775,0.020131807698749067,-0.43500706
15.6412,0.6,0.52,2.16,0.009022097,-0.010606952,-0.485861077
15.6711,0.6,0.52,2.18,0.002920321,0.038834095606464156,-0.438457872
15.7036,0.6,0.52,2.16,0.004961339,0.007810074,-0.458856275
15.7321,0.6,0.52,2.16,0.00702568,0.029524863849988023,-0.4450977
15.7611,0.6,0.52,2.17,0.010907594242050863,-0.016485683,-0.472335621
15.7936,0.6,0.52,2.17,0.003008809,0.022819126671290133,-0.462155658
15.8227,0.6,0.52,2.17,0.00707633,-0.009902835,-0.465627512
15.855,0.6,0.52,2.17,0.005080647,0.019415031889781584,-0.468853178
15.8848,0.6,0.52,2.16,0.013032226,-0.004091901,-0.455333971
15.9145,0.6,0.52,2.17,0.005126862,0.019347461397995147,-0.475625111
15.9455,0.6,0.52,2.16,0.007125133,-0.003073558,-0.465589791
15.9766,0.6,0.52,2.18,0.009185977,0.019334734,-0.468693927
16.0075,0.6,0.52,2.17,0.006925811,-0.007814103,-0.438735468
16.04,0.6,0.52,2.17,-0.001043364,0.006612618,-0.462412683
16.071,0.6,0.52,2.17,0.011188378351192588,0.03608246,-0.431507162
17.4885,0.7,0.52,2.17,0.007221197,-0.004147055,-0.583868991
17.5172,0.7,0.52,2.16,0.007246464,0.016664525,-0.573515953
17.5472,0.7,0.52,2.15,0.005108673,0.003919134,-0.567027467
17.5791,0.7,0.52,2.17,0.005182975,0.022630580440707183,-0.580318802
17.6074,0.7,0.51,2.17,0.009180111,0.001676505,-0.577016665
17.6369,0.7,0.52,2.16,0.00313326,0.021527259,-0.573682706
17.6641,0.7,0.52,2.16,0.003043906,-0.00389908,-0.584022109
17.6929,0.7,0.51,2.16,0.007285653,0.032350791,-0.536313342
17.7225,0.7,0.51,2.17,0.005076377,-0.02107514,-0.611063451
17.7523,0.7,0.52,2.17,0.007191035,0.037630886,-0.556570305
17.7842,0.7,0.51,2.16,0.015294850176436055,-0.011066482,-0.590395823
17.8121,0.7,0.52,2.18,0.011324457372214606,0.028073521,-0.553009822
17.8423,0.7,0.52,2.17,0.003125429,-0.005908635,-0.614369828
17.8732,0.7,0.52,2.17,0.007194958,0.039854134797816715,-0.553167015
17.9047,0.7,0.51,2.17,0.009204754,-0.002679415,-0.590526593
17.9362,0.7,0.52,2.17,0.007191117,0.021386841030731234,-0.570192688
17.9678,0.7,0.52,2.16,0.011144379783585515,0.002566133,-0.556708331
17.997,0.7,0.52,2.17,0.001205253,0.015636825,-0.587231385
18.0257,0.7,0.51,2.18,0.00709754,-0.004078686,-0.580511446
18.0533,0.7,0.51,2.17,0.009189127,0.033937493784376466,-0.546371683
18.0837,0.7,0.52,2.16,0.011197670489463298,-0.020166502,-0.59394728
18.1152,0.7,0.52,2.17,0.001201099,0.022342987,-0.566952583
18.1439,0.7,0.51,2.17,0.005033882,-0.019083843,-0.584005211
18.174,0.7,0.52,2.17,0.007217914,0.032557658,-0.536327853
18.2048,0.7,0.52,2.17,0.007094803,-0.00147684,-0.593956877
18.2352,0.7,0.52,2.16,0.003228027,0.023561798,-0.563485454
18.2658,0.7,0.52,2.17,0.00913659,-0.005389299,-0.577081684
18.2957,0.7,0.52,2.14,0.013336981123519807,0.022636964848556325,-0.58006975
18.3249,0.7,0.52,2.17,0.009263139,-0.012187637,-0.583828363
18.358,0.7,0.51,2.17,0.005230747,0.02050664,-0.587073505
19.7832,0.8,0.52,2.17,0.00139901,0.000535081,-0.725832379
19.815,0.8,0.52,2.17,0.009399068,0.037390848,-0.664560776
19.844,0.8,0.51,2.17,-0.002840612,-0.01095912,-0.719367305
19.8737,0.8,0.51,2.16,0.011394828246435331,0.020085019667521516,-0.684878127
19.9061,0.8,0.52,2.17,0.011213096834582392,-0.012221289,-0.688496966
19.9376,0.8,0.52,2.16,0.001325526,0.018837296147977314,-0.678455406
19.9665,0.8,0.51,2.17,0.009343919,-0.011046615,-0.702056206
19.9972,0.8,0.52,2.17,0.007309712,0.026913442966649603,-0.674868793
20.0287,0.8,0.52,2.17,0.013328475,0.005096999,-0.688378838
20.0573,0.8,0.52,2.16,0.003261335,0.0246427,-0.678382529
20.0863,0.8,0.52,2.17,0.011376481884057519,-0.019263503,-0.708863615
20.1178,0.8,0.52,2.17,0.007378737,0.017605332874621803,-0.678212195
20.1462,0.8,0.52,2.16,0.005214202,-0.013325986,-0.712411847
20.1751,0.8,0.51,2.17,0.00528675,0.03244941,-0.654650247
20.2036,0.8,0.52,2.17,0.001310729,0.005406816,-0.725792461
20.2316,0.8,0.52,2.15,0.009245883,-0.016179164,-0.681897375
20.2629,0.8,0.52,2.17,0.003332043,0.029717903634861615,-0.705300168
20.2939,0.8,0.51,2.17,0.005348157,0.021208146147419237,-0.681707471
20.3238,0.8,0.52,2.17,0.005306105,0.003022915,-0.722320027
20.3552,0.8,0.52,2.16,0.007313702,0.035882043,-0.651207344
20.387,0.8,0.52,2.16,0.001229617,-0.020240667,-0.719290137
20.418,0.8,0.52,2.17,0.003364547,0.026755616723587696,-0.668226565
20.4501,0.8,0.52,2.15,0.009275673,0.002487545,-0.674988915
20.4796,0.8,0.51,2.16,0.011412656128318288,0.02023582,-0.698402212
20.5107,0.8,0.51,2.17,0.00335259,-0.003203049,-0.695433963
20.5391,0.8,0.52,2.16,0.001376974,0.014105553744438021,-0.685206187
20.57,0.8,0.51,2.16,0.005239542,0.002788189,-0.688575504
20.6016,0.8,0.52,2.17,0.009453486,0.021127847992695833,-0.68154822
20.6305,0.8,0.51,2.17,0.001301415,-0.004733583,-0.675356018
20.6589,0.8,0.52,2.17,0.005326309,0.021317679819100845,-0.685045756
22.08,0.9,0.52,2.17,0.003495696,0.021122906146365042,-0.813505145
22.1089,0.9,0.52,2.17,0.011474834094023325,-0.011256092,-0.816909225
22.1381,0.9,0.52,2.19,0.005571524,0.026687411,-0.796541216
22.1704,0.9,0.52,2.17,0.009516752,-0.003055386,-0.823556454
22.1994,0.9,0.52,2.17,0.005476409,0.022409287466273554,-0.803266083
22.2315,0.9,0.52,2.17,0.001348303,-0.005754892,-0.803732309
22.2614,0.9,0.52,2.18,0.005534697,0.015384647936456372,-0.810026933
22.2917,0.9,0.52,2.17,0.003419991,0.000339707,-0.817065605
22.3229,0.9,0.52,2.16,0.003484789,0.019248491731339166,-0.830308997
22.3531,0.9,0.52,2.18,0.005395321,-0.001024373,-0.796787984
22.383,0.9,0.52,2.17,0.003478023,0.016843983460383852,-0.816815624
22.414,0.9,0.52,2.17,0.005433193,-0.01509666,-0.796834402
22.4445,0.9,0.52,2.17,0.009595292,0.029455711,-0.80978697
22.4735,0.9,0.52,2.17,0.009367567,-0.005640252,-0.800070775
22.5031,0.9,0.52,2.17,0.009549453,0.022537933207124085,-0.8132865
22.5338,0.9,0.52,2.17,0.00754194,-0.006628709,-0.820364075
22.5648,0.9,0.52,2.18,0.007458206,0.025633776,-0.793057901
22.5962,0.9,0.52,2.18,0.003416945,-0.000141074,-0.783285926
22.6245,0.9,0.52,2.17,0.003495522,0.028407777,-0.820116696
22.653,0.9,0.52,2.17,0.009470682,-0.001043753,-0.803373891
22.6814,0.9,0.52,2.17,0.007416267,0.018725424,-0.793129915
22.7107,0.9,0.52,2.16,0.009529217,-0.003237342,-0.806735371
22.739,0.9,0.52,2.16,0.013608361,0.033668439,-0.782697449
22.768,0.9,0.52,2.16,0.003391512,-0.025214423,-0.827356203
22.797,0.9,0.52,2.16,0.005481885,0.017205595126006064,-0.776375221
22.8262,0.9,0.52,2.18,0.001455316,0.015664361,-0.820303396
22.8588,0.9,0.52,2.16,0.005514518,0.036053563380941255,-0.786363426
22.8874,0.9,0.52,2.17,0.005410387,-0.00048555,-0.823733275
22.9209,0.9,0.52,2.19,-0.000517411,0.020872423855496897,-0.789994414
22.9518,0.9,0.52,2.17,0.005435955,0.001328643,-0.800108684
24.3778,1,0.52,2.18,0.00549509,-0.013934606,-0.92186234
24.407,1,0.52,2.18,0.013684070620190685,0.023798871134476915,-0.944886696
24.4378,1,0.52,2.17,0.005545422,6.723455800566446e-05,-0.915008311
24.4688,1,0.52,2.16,-0.000471543,-0.000648742,-0.952268816
24.501,1,0.52,2.17,0.007637018,0.026536775269626292,-0.907974235
24.5316,1,0.52,2.16,0.007558835,-0.009802922,-0.955461298
24.5618,1,0.52,2.17,0.003619697,0.031513792235777285,-0.928244035
24.5921,1,0.52,2.17,-0.002489214,-0.018234815,-0.945627275
24.6248,1,0.52,2.18,0.00766715,0.010801095070699075,-0.94516933
24.6575,1,0.52,2.17,0.003437202,-0.008071432,-0.911809813
24.6892,1,0.52,2.16,0.009581513,0.000605633,-0.945174447
24.7176,1,0.52,2.17,0.007540979,-0.017538116,-0.918442646
24.7471,1,0.52,2.17,0.005706495,0.025865415716711526,-0.931544751
24.7759,1,0.52,2.17,0.007648263,-0.005887317,-0.914943102
24.8071,1,0.52,2.17,0.003668805,0.024716253,-0.938405102
24.8372,1,0.52,2.17,0.00968339,-0.009421179,-0.914916631
24.8652,1,0.52,2.17,0.003801893,0.017809078,-0.941737914
24.8947,1,0.52,2.17,-0.000483949,0.001011876,-0.905030565
24.9283,1,0.52,2.17,0.003668481,0.024686490596441416,-0.934956942
24.9586,1,0.52,2.17,0.005622969,-0.013963786,-0.925240529
24.9879,1,0.52,2.17,0.003656481,0.026946154,-0.921484721
25.0183,1,0.52,2.17,0.005607985,-0.013933327,-0.928613108
25.0498,1,0.52,2.18,-0.000335514,-0.009858241,-0.959039212
25.0788,1,0.52,2.17,0.005497978,-0.009221818,-0.91847662
25.1075,1,0.52,2.17,0.005694698,0.028424601823474553,-0.934955544
25.1364,1,0.52,2.17,0.007531644,0.003630434,-0.921703787
25.1703,1,0.52,2.18,0.003540427,-0.012134583,-0.952229876
25.2067,1,0.52,2.17,0.007637375,0.022708175019630853,-0.941691814
25.2385,1,0.52,2.16,0.001460363,-0.011562209,-0.918597134
25.266,1,0.52,2.17,0.009673634,0.014201191883586605,-0.928188692
26.6838,1.1,0.53,2.17,0.003726547,0.032584469,-1.043154237
26.7139,1.1,0.53,2.18,0.007799886,-0.022930247,-1.08053427
26.7452,1.1,0.52,2.17,0.013768720675212533,0.017364925884422785,-1.036192457
26.7745,1.1,0.53,2.17,0.005690128,-0.00988151,-1.073741881
26.8055,1.1,0.53,2.18,0.007686678,0.019055257579625385,-1.053174514
26.8377,1.1,0.52,2.17,0.007742673,-0.002420861,-1.046698612
26.87,1.1,0.52,2.17,0.005791522,0.029259449012379556,-1.049817463
26.902,1.1,0.53,2.17,0.01385853,0.019665753867600614,-1.029416066
26.9345,1.1,0.53,2.17,0.011811301288898585,-0.025516439,-1.053365077
26.9665,1.1,0.52,2.17,0.009765253,0.010471277371676862,-1.049870842
26.9948,1.1,0.52,2.17,0.007725052,-0.013714895,-1.056832395
27.0248,1.1,0.52,2.18,0.00776809,0.025705353094000995,-1.046405286
27.0563,1.1,0.52,2.17,0.009894419,0.001340853,-1.056606944
27.0848,1.1,0.52,2.18,0.005791643,0.028989688802325816,-1.036382608
27.1145,1.1,0.52,2.17,0.00378957,-0.015984359,-1.067096898
27.1469,1.1,0.52,2.17,0.007792336,0.009203749,-1.053254872
27.1751,1.1,0.52,2.17,0.007737149,-0.018458141,-1.056845536
27.2043,1.1,0.52,2.17,0.007932448,0.034735351,-1.032825373
27.233,1.1,0.53,2.17,0.003656636,-0.013205307,-1.08059865
27.2627,1.1,0.53,2.18,0.009790767,0.019300581401263346,-1.019422948
27.2951,1.1,0.53,2.18,0.007604283,-0.008933738,-1.05008913
27.3257,1.1,0.52,2.17,0.001732354,0.019473960386539042,-1.033229856
27.3556,1.1,0.53,2.17,0.005695454,-0.005586509,-1.053486795
27.3835,1.1,0.52,2.17,0.00788085,0.03215246,-1.01601488
27.4144,1.1,0.53,2.18,0.001697422,-0.016844807,-1.084027042
27.4474,1.1,0.53,2.17,0.011775538327993294,0.016364383567963867,-1.042921768
27.4788,1.1,0.52,2.17,0.00573513,-0.005545242,-1.063672596
27.5065,1.1,0.52,2.17,0.005695367,0.022100292207805104,-1.03308956
27.5365,1.1,0.52,2.19,0.001701413,-0.007876207,-1.060365593
27.569,1.1,0.52,2.17,0.005920465,0.017511796765801318,-1.05997716
28.9934,1.2,0.53,2.17,0.010121664468083708,0.021325166619282677,-1.205015269
29.0225,1.2,0.52,2.18,0.00392471,-0.01264847,-1.188714028
29.0522,1.2,0.52,2.18,0.005994555,0.028260349236478365,-1.188254646
29.0825,1.2,0.53,2.17,0.001774372,-0.00896786,-1.185424242
29.1115,1.2,0.52,2.17,0.007992971,0.024596719647686116,-1.181504183
29.1404,1.2,0.52,2.16,0.006009922,-0.007011542,-1.185232896
29.1712,1.2,0.53,2.17,0.013973238786709221,0.019006861,-1.188095715
29.2029,1.2,0.53,2.19,0.007947114,-0.012790965,-1.175058853
29.2327,1.2,0.53,2.19,0.008081377,0.024825795314787763,-1.191579587
29.2643,1.2,0.52,2.18,0.013899890032623187,0.014049921,-1.161164427
29.2938,1.2,0.53,2.19,0.009964282,0.023492973045858363,-1.178088933
29.3263,1.2,0.53,2.19,0.007983559,0.033753231,-1.161222308
29.3571,1.2,0.52,2.18,0.005932408,-0.013652211,-1.188574609
29.3876,1.2,0.53,2.19,0.003975743,0.021719582709981568,-1.164844562
29.4194,1.2,0.52,2.17,0.007861421,-0.001022382,-1.168209281
29.4496,1.2,0.52,2.19,0.008090708,0.015100001349627305,-1.181543593
29.4808,1.2,0.52,2.18,0.007917116,-0.003501113,-1.175004932
29.5094,1.2,0.52,2.17,0.007934539,0.012863969509504317,-1.171458476
29.5395,1.2,0.52,2.17,0.007925238,-0.003452497,-1.17159806
29.5712,1.2,0.52,2.18,0.003815709,0.015615761797593344,-1.188456379
29.6008,1.2,0.52,2.17,0.012030644293061608,-0.008334084,-1.178286339
29.6314,1.2,0.52,2.17,0.005921235,0.014074475432672436,-1.168122437
29.662,1.2,0.52,2.18,0.003821364,-0.008315558,-1.161728819
29.6945,1.2,0.52,2.19,0.0039677,0.022344133009646154,-1.178238469
29.7232,1.2,0.53,2.17,0.005857579,-0.021354069,-1.168508081
29.7545,1.2,0.53,2.18,0.003858878,0.015067409724792414,-1.161448634
29.7835,1.2,0.53,2.17,0.007906278,-0.015443504,-1.154855138
29.8149,1.2,0.53,2.18,0.003912164,0.003777531,-1.191912729
29.8468,1.2,0.52,2.19,0.010078250651476396,0.036978998,-1.157764893
29.8797,1.2,0.52,2.17,0.007982461,0.001241335,-1.171577402
31.2961,1.3,0.52,2.17,0.00607934,0.015380576,-1.31670158
31.3241,1.3,0.52,2.19,0.010101091,-0.017513814,-1.303414805
31.3537,1.3,0.53,2.2,0.008136585,0.018782053059424417,-1.309961679
31.3862,1.3,0.53,2.2,0.016048759118178255,0.002278728,-1.282881529
31.4146,1.3,0.52,2.17,0.006179935,0.019825578270105164,-1.306556192
31.4446,1.3,0.53,2.17,0.003982158,-0.014038949,-1.296814081
31.4782,1.3,0.53,2.18,0.004075927,-0.013477117,-1.337234653
31.5086,1.3,0.53,2.18,0.006175978,0.038274019,-1.296385551
31.5386,1.3,0.53,2.18,0.008105794,-0.018066808,-1.33046164
31.5691,1.3,0.53,2.18,0.002097406,0.033550849,-1.289737204
31.599,1.3,0.52,2.18,0.010105123865725435,-0.023950215,-1.337128462
31.6299,1.3,0.53,2.21,0.004070149,0.025289921327661988,-1.276269237
31.6601,1.3,0.52,2.17,0.004066463,-0.014118822,-1.293433986
31.6898,1.3,0.53,2.19,0.010167204752843285,0.031153524191177114,-1.279409167
31.7218,1.3,0.52,2.18,0.005992791,-0.005902258,-1.293337393
31.751,1.3,0.53,2.19,0.008143072,0.025688327278307155,-1.299724509
31.7828,1.3,0.53,2.19,-4.58E-05,-3.31E-05,-1.30024317
31.8124,1.3,0.53,2.19,0.004097838,0.021414783148546394,-1.323558844
31.845,1.3,0.53,2.18,0.001930862,-0.015299723,-1.290170991
31.877,1.3,0.53,2.17,7.7606209347548e-05,0.002651863,-1.33049465
31.9077,1.3,0.53,2.19,0.008090318,0.009051407,-1.279670955
31.9397,1.3,0.53,2.19,0.004040571,-0.015962778,-1.313610416
31.9734,1.3,0.53,2.18,0.008162036,0.00942325,-1.306546797
32.0052,1.3,0.52,2.18,0.00593031,-0.008145741,-1.293354977
32.0377,1.3,0.52,2.19,0.004051502,0.004938787,-1.313526277
32.0685,1.3,0.52,2.17,0.014200626212321273,0.024225792621681036,-1.286067088
32.0976,1.3,0.53,2.19,0.007983091,-0.004243932,-1.313464142
32.1286,1.3,0.53,2.18,0.010077589731839908,0.023885530590502968,-1.259267398
32.1601,1.3,0.53,2.18,0.008015729,-0.013652047,-1.313531713
32.1909,1.3,0.53,2.19,0.006151345,0.019744426264603335,-1.296425329
33.6173,1.4,0.52,2.17,0.010385178549634073,0.025592437,-1.434756155
33.6468,1.4,0.52,2.18,0.012346085293605197,-0.012896916,-1.43506073
33.6764,1.4,0.53,2.19,0.006439897,0.014261614848988843,-1.448323634
33.7072,1.4,0.53,2.17,0.004164868,-0.013126523,-1.408302899
33.7376,1.4,0.53,2.19,0.008464257,0.022240156813771443,-1.444915532
33.7682,1.4,0.53,2.18,0.002252319,-0.01170302,-1.43198687
33.7989,1.4,0.52,2.18,0.00637475,0.021261446,-1.461859326
33.8313,1.4,0.53,2.18,0.006281049,0.027444965,-1.401180596
33.8601,1.4,0.53,2.18,0.00827586,0.001755202,-1.458608239
33.893,1.4,0.53,2.19,0.004224051,0.028874538,-1.404521127
33.9257,1.4,0.53,2.2,0.010252670861676937,-0.002338415,-1.428326352
33.9602,1.4,0.52,2.18,0.00837205,0.019518071762473745,-1.424808565
33.9921,1.4,0.53,2.19,0.004213637,0.031187771,-1.411386735
34.0236,1.4,0.53,2.19,0.008214835,-0.00543164,-1.448597332
34.0534,1.4,0.53,2.19,0.012284325239705692,0.024356845591314503,-1.414451757
34.0849,1.4,0.53,2.18,0.006273088,-0.004987857,-1.411501397
34.1129,1.4,0.53,2.18,0.012353767,0.024037671144130794,-1.401009386
34.1431,1.4,0.53,2.17,0.006303191,-0.011494603,-1.441897413
34.175,1.4,0.53,2.19,0.008079929,0.010351377032057716,-1.401244599
34.2048,1.4,0.53,2.19,0.010347345608505684,-0.009263049,-1.438363033
34.2371,1.4,0.53,2.17,0.002249049,0.018825624636163468,-1.435021761
34.269,1.4,0.53,2.19,0.010237609797720398,-0.014319994,-1.408155914
34.2988,1.4,0.53,2.19,0.012496338955142816,0.031428779926648075,-1.441392236
34.3305,1.4,0.53,2.19,0.012410748593004754,0.012457696487327658,-1.41116295
34.36,1.4,0.52,2.2,0.008345902,0.024389705,-1.421278677
34.3911,1.4,0.52,2.17,0.018457715117462775,0.020593266,-1.410982687
34.4212,1.4,0.53,2.19,0.006300753,-0.011076817,-1.458766778
34.4542,1.4,0.52,2.18,0.006315172,0.020677885,-1.414714241
34.4876,1.4,0.52,2.19,0.00623658,-0.004818101,-1.42166042
34.5189,1.4,0.52,2.2,0.008394981,0.026821099,-1.424640665
35.9446,1.5,0.53,2.18,0.012505573574142215,-0.023175643,-1.573538705
35.9746,1.5,0.53,2.2,0.012549835106885461,0.037043984902280565,-1.546096501
36.0061,1.5,0.53,2.19,0.012527068457442427,-0.014086005,-1.559953182
36.0337,1.5,0.53,2.2,0.020654589239384156,0.025090519,-1.532401525
36.0637,1.5,0.53,2.21,0.008455765,-0.018289204,-1.587105158
36.0925,1.5,0.53,2.18,0.006406825,-0.00372372,-1.549970321
36.1248,1.5,0.53,2.19,0.008286314,-0.020607085,-1.566964758
36.1541,1.5,0.53,2.19,0.016667456,0.027253274687099368,-1.519032232
36.1857,1.5,0.53,2.19,0.008324055,-0.0115241,-1.566896326
36.2165,1.5,0.53,2.21,0.014554819319692772,0.024042584912556363,-1.542731251
36.2475,1.5,0.53,2.19,0.014461842,-0.005791063,-1.559897877
36.2762,1.5,0.53,2.2,0.012571687648879925,0.025491695,-1.549533069
36.3048,1.5,0.53,2.2,0.004284196,-0.01841387,-1.556968044
36.3339,1.5,0.53,2.19,0.016500427791388796,0.027570473615530437,-1.525799417
36.3608,1.5,0.53,2.21,0.010559622285599606,0.024512185273992702,-1.563062474
36.3913,1.5,0.53,2.2,0.00426469,-0.01623854,-1.556896045
36.4187,1.5,0.53,2.2,0.008528897,0.009357609,-1.563272891
36.4476,1.5,0.53,2.2,0.006518361,-0.001262665,-1.553290499
36.4787,1.5,0.53,2.19,0.012525501615834544,0.016330331920540026,-1.549560213
36.5097,1.5,0.53,2.18,0.006515797,-0.00594569,-1.560124379
36.5391,1.5,0.53,2.2,0.008440438,0.016143644,-1.546374184
36.5711,1.5,0.53,2.19,0.012405138788121222,-0.011916121,-1.543192002
36.5992,1.5,0.53,2.18,0.00649779,0.012631137,-1.546436992
36.6281,1.5,0.53,2.18,0.010463849541787936,-0.001075076,-1.563380887
36.6578,1.5,0.53,2.19,0.008418687,0.013769595,-1.536253389
36.6907,1.5,0.53,2.2,0.00835935,-0.007290016,-1.539896084
36.7227,1.5,0.53,2.19,0.012609733412235454,0.020947863948443998,-1.559663424
36.7516,1.5,0.53,2.2,0.008410924,-0.006920948,-1.556682351
36.7831,1.5,0.53,2.19,0.008623862,0.023134426538676957,-1.5631838
36.8141,1.5,0.53,2.2,0.006568238,0.019051358,-1.526177972
38.23,1.6,0.53,2.2,0.014580465046063864,-0.009493395,-1.671373059
38.259,1.6,0.54,2.2,0.014706351742325364,0.017977011,-1.650898859
38.2877,1.6,0.53,2.21,0.00849729,-0.019643269,-1.685136279
38.3192,1.6,0.54,2.2,0.010723251479596343,0.013703365,-1.671243224
38.349,1.6,0.54,2.19,0.006626599,-0.011880697,-1.678430367
38.3768,1.6,0.53,2.21,0.012683563692571276,0.033041434,-1.64076425
38.405,1.6,0.54,2.19,0.014751410502014343,0.020668739,-1.671123218
38.4359,1.6,0.54,2.2,0.014663106298432522,0.006513324,-1.654363588
38.4673,1.6,0.54,2.19,0.010611023171015858,-0.020670541,-1.712044168
38.4947,1.6,0.53,2.2,0.012673314404108597,-0.008472296,-1.661318639
38.5244,1.6,0.53,2.22,0.008708666,0.029385685840356588,-1.688019612
38.553,1.6,0.54,2.2,0.004515061,-0.010731692,-1.661522822
38.5831,1.6,0.54,2.18,0.016882765,0.019596628324033846,-1.674341344
38.6159,1.6,0.54,2.19,0.006573313,-0.000590819,-1.647966273
38.647,1.6,0.54,2.18,0.006575111,-0.023123239,-1.698736821
38.6762,1.6,0.54,2.21,0.014649597981602525,0.00391813,-1.627401066
38.7041,1.6,0.53,2.2,0.010766472875086678,0.022953229375854235,-1.66775427
38.7342,1.6,0.53,2.2,0.008486147,-0.017958844,-1.654787698
38.7667,1.6,0.54,2.21,0.010566211,-0.018531218,-1.68842044
38.7951,1.6,0.53,2.21,0.018626027371487292,-0.016632844,-1.657761737
38.8242,1.6,0.54,2.21,0.012774721172409789,0.024492595,-1.68797025
38.856,1.6,0.54,2.21,0.014656122231072162,-0.009951168,-1.651068662
38.8844,1.6,0.54,2.21,0.010810047045114977,0.023003922243085062,-1.674512554
38.9131,1.6,0.54,2.22,0.006612718,-0.007594426,-1.661527217
38.9425,1.6,0.54,2.21,0.010642134045670461,0.016311965496120087,-1.674661533
38.9723,1.6,0.54,2.21,0.010558129344762829,-0.002605549,-1.664770075
39.0058,1.6,0.54,2.2,0.010688054103824732,0.006985699,-1.684784386
39.0371,1.6,0.54,2.2,0.012703932,0.018848108980268202,-1.630734743
39.0651,1.6,0.54,2.2,0.008590485,0.024250362838260372,-1.657771205
39.0939,1.6,0.54,2.2,0.012666309930307873,-0.010441167,-1.69502581
40.4914,1.7,0.54,2.21,0.008819623,-0.014304099,-1.789769189
40.5235,1.7,0.54,2.23,0.00874861,0.011060841358609233,-1.769348251
40.5517,1.7,0.54,2.2,0.010810067626550627,-0.01070171,-1.796485309
40.5809,1.7,0.54,2.2,0.008834018,0.032050108,-1.762387914
40.6101,1.7,0.54,2.21,0.008640402,-0.023573398,-1.793286825
40.6406,1.7,0.54,2.21,0.010890692504655825,0.030590772425767878,-1.755599223
40.6735,1.7,0.54,2.2,0.014852969092771373,-0.020040602,-1.803166947
40.7042,1.7,0.53,2.21,0.00891572,0.011312925117453337,-1.792898935
40.7329,1.7,0.54,2.2,0.006704211,-0.010950697,-1.776313385
40.7656,1.7,0.54,2.2,0.012878457,0.01833714,-1.789358931
40.7929,1.7,0.54,2.22,0.008670191,-0.004906689,-1.786378366
40.8221,1.7,0.54,2.2,0.014874526908358042,0.024050469493099816,-1.7792439
40.8511,1.7,0.54,2.21,0.014812229557473362,-0.008363397,-1.786199639
40.8805,1.7,0.54,2.2,0.010846107308553102,0.03524344,-1.748882735
40.9129,1.7,0.54,2.21,0.012919473,-0.014551276,-1.79303046
40.9412,1.7,0.53,2.21,0.010981889550496365,0.021202891,-1.7590525
40.9712,1.7,0.53,2.2,0.012847718904906623,-0.025526832,-1.816682194
41.0035,1.7,0.54,2.21,0.012924595233670566,0.00625753,-1.772587848
41.0346,1.7,0.54,2.21,0.006775311,0.00089962,-1.786421024
41.065,1.7,0.54,2.21,0.010838222729334837,0.014822657555148427,-1.782746552
41.0969,1.7,0.54,2.22,0.010729608785535623,-0.020410627,-1.772919097
41.1267,1.7,0.53,2.21,0.012882573810458159,0.015593223417710588,-1.75903748
41.1578,1.7,0.54,2.22,0.004666647,-0.023812376,-1.776513734
41.1879,1.7,0.54,2.2,0.006913323,0.031211173,-1.789454532
41.2203,1.7,0.54,2.21,0.008819208,0.024795695856356378,-1.759148942
41.2487,1.7,0.54,2.22,0.008932034,0.018051624,-1.786157868
41.2778,1.7,0.53,2.21,0.014734711306181356,-0.020374637,-1.766071011
41.3096,1.7,0.53,2.21,0.004741278,-0.016513924,-1.800028081
41.3389,1.7,0.54,2.21,0.014951847682863026,0.007506104,-1.772568879
41.368,1.7,0.54,2.2,0.012841746051153824,0.018207372464018684,-1.78263494
42.7845,1.8,0.54,2.21,0.012990459019947378,0.014174362266422526,-1.87393011
42.8121,1.8,0.54,2.23,-0.003209177,-0.022456811,-1.915244313
42.8418,1.8,0.54,2.23,0.010996034007986016,0.026806591833649314,-1.857019123
42.8705,1.8,0.54,2.23,0.00698325,0.006649342,-1.914614041
42.8994,1.8,0.54,2.21,0.008854362,-0.020380378,-1.894613545
42.9266,1.8,0.54,2.22,0.010904018358905004,0.015994138535500812,-1.904346972
42.9564,1.8,0.54,2.22,0.008918246,0.000748185,-1.894439653
42.988,1.8,0.54,2.2,0.010956695729448188,0.020619019673099582,-1.90085751
43.0182,1.8,0.54,2.21,0.004884907,-0.008568128,-1.901404114
43.0474,1.8,0.54,2.22,0.011030291642401175,0.013593683253350157,-1.907693941
43.0796,1.8,0.54,2.22,0.008930222,-0.020538629,-1.891192162
43.1071,1.8,0.54,2.23,0.008980233,0.010142893567365224,-1.917916294
43.1369,1.8,0.54,2.21,0.010936580169367932,-0.005426016,-1.880871526
43.1647,1.8,0.54,2.21,0.008803688,0.016833498508737436,-1.87405951
43.1954,1.8,0.54,2.22,0.013020717282348628,-0.013273834,-1.904465201
43.2271,1.8,0.54,2.22,0.010897049,0.013290107798101873,-1.873970584
43.2594,1.8,0.54,2.22,0.006730752,-0.012274303,-1.877717084
43.2883,1.8,0.54,2.22,0.009031673,0.016957790381410032,-1.897561389
43.3169,1.8,0.54,2.22,0.008851567,0.000679336,-1.894460819
43.3441,1.8,0.54,2.21,0.010925407620801107,0.022300671,-1.860419355
43.3748,1.8,0.54,2.24,0.011000574923392535,-0.009770431,-1.901119094
43.4065,1.8,0.54,2.2,0.011076279857157232,0.011012767698761328,-1.897558635
43.4359,1.8,0.54,2.21,0.004865376,-0.00860662,-1.901307889
43.4644,1.8,0.54,2.21,0.009023417,0.023355003312695077,-1.863827089
43.4953,1.8,0.54,2.22,0.006957779,-0.014461761,-1.908084063
43.5262,1.8,0.54,2.21,0.010991061,0.013312418991750641,-1.887521446
43.5555,1.8,0.54,2.23,0.00900465,-0.013539699,-1.897823495
43.5864,1.8,0.54,2.21,0.00695895,0.013352729487079476,-1.884245664
43.615,1.8,0.54,2.21,0.014948531,-0.019229562,-1.901139195
43.646,1.8,0.54,2.23,0.012973133637184803,0.012139024426758276,-1.880712973
45.0661,1.9,0.55,2.21,0.015182399436369707,0.021151727,-1.998794032
45.0945,1.9,0.55,2.22,0.009068336,-0.023363426,-2.046516291
45.1234,1.9,0.54,2.22,0.019281315756611295,0.009467749,-1.995388646
45.1514,1.9,0.55,2.23,0.017182276,0.01791531,-2.005485419
45.1803,1.9,0.54,2.23,0.002981806,-0.008924509,-2.009526194
45.2083,1.9,0.55,2.24,0.009051578,0.018226604103858138,-2.015838034
45.2382,1.9,0.55,2.23,0.011079894393156483,-0.009056622,-2.005905086
45.2673,1.9,0.55,2.2,0.009055621,0.020180093054261883,-1.99899989
45.2987,1.9,0.54,2.23,0.009025861,-0.00771555,-2.012707426
45.3268,1.9,0.55,2.23,0.009210582,0.015377206964944365,-1.999018641
45.3571,1.9,0.55,2.23,0.017133381,-0.014686468,-2.009061585
45.3852,1.9,0.54,2.23,0.015214956015701584,0.027987656353483742,-1.985239221
45.4135,1.9,0.54,2.23,0.013273859522985086,-0.002888322,-2.039471947
45.4437,1.9,0.54,2.23,0.015129500199055717,0.002570745,-1.992151107
45.4749,1.9,0.54,2.22,0.011131603422675442,-0.031946709,-2.043137038
45.5052,1.9,0.54,2.23,0.011189708646758188,0.027948892309281173,-1.981997732
45.5355,1.9,0.54,2.24,0.009071074,-0.025965272,-2.033070861
45.5655,1.9,0.54,2.24,0.013279098424673268,0.029093480425033465,-1.998819628
45.5951,1.9,0.54,2.23,0.007065572,-0.024839796,-2.043210625
45.6253,1.9,0.54,2.23,0.009258882,0.024091022001418525,-1.978673973
45.6552,1.9,0.54,2.23,0.007107812,-0.020115504,-2.046562545
45.6847,1.9,0.55,2.22,0.007128988,0.025590345,-1.988897696
45.7158,1.9,0.55,2.24,0.021237637,-0.028251512,-2.035977141
45.7474,1.9,0.55,2.23,0.013056525510544637,0.022390716512068014,-1.992155385
45.7784,1.9,0.54,2.22,0.00706433,-0.011207024,-2.019570328
45.8075,1.9,0.54,2.23,0.017145512,0.024800653,-1.991938124
45.8348,1.9,0.55,2.23,0.007090376,-0.013491191,-2.016228462
45.8663,1.9,0.55,2.22,0.011102787056759985,0.030360851636365677,-1.985388403
45.8973,1.9,0.55,2.24,0.009035293,-0.014554355,-2.012682693
45.9265,1.9,0.55,2.26,0.013057778460242413,0.033961162656725455,-1.981939367
47.3251,2,0.55,2.24,0.015227005206915164,-0.017206574,-2.127483274
47.3554,2,0.55,2.24,0.011239421560130958,0.013452263562910228,-2.134021311
47.3843,2,0.55,2.22,0.01117325,-0.016757207,-2.144428791
47.4131,2,0.54,2.24,0.009298036,0.009963564,-2.150973788
47.4442,2,0.55,2.23,0.009162409,-0.013750664,-2.124247612
47.4732,2,0.55,2.25,0.019334298770937976,0.008577601,-2.130337763
47.5051,2,0.55,2.24,0.009305325,-0.020825415,-2.131076526
47.536,2,0.54,2.24,0.005188836,0.000805502,-2.161359632
47.5681,2,0.54,2.23,0.015423368221090056,0.024268447012107328,-2.11024462
47.5968,2,0.54,2.24,0.011269501166189763,-0.012081633,-2.147697613
47.6248,2,0.55,2.25,0.003064273,-0.021656257,-2.141407636
47.6537,2,0.54,2.23,0.007307862,0.013406048464489274,-2.140882524
47.6826,2,0.55,2.23,0.013171433834611692,-0.011491425,-2.113996236
47.7117,2,0.54,2.24,0.013262325854577569,0.009560837,-2.123946213
47.7391,2,0.55,2.24,0.013323911790689221,-0.020408054,-2.151166736
47.7682,2,0.55,2.24,0.013313663,0.030302073,-2.110275535
47.7978,2,0.54,2.23,0.011257607444002254,-0.023852191,-2.147871999
47.8262,2,0.54,2.24,0.015268988831216385,-0.005766694,-2.107128876
47.8552,2,0.55,2.24,0.011376452,0.022424916514851654,-2.127200205
47.8834,2,0.55,2.24,0.007082373,-0.005593896,-2.114109436
47.9121,2,0.55,2.22,0.011231150724657213,0.006089015,-2.127368472
47.9415,2,0.55,2.24,0.015251319541262322,-0.010149499,-2.130770189
47.9738,2,0.55,2.24,0.011346811827057005,0.011072840840570503,-2.144168374
48.0035,2,0.55,2.23,0.009154332,-0.009267751,-2.107372101
48.0354,2,0.55,2.24,0.013394988498338157,0.016550238681544746,-2.130515092
48.063,2,0.55,2.24,0.009234293,-0.009117053,-2.117406216
48.0913,2,0.55,2.24,0.013118225,0.011810492238587652,-2.107075158
48.1216,2,0.55,2.24,0.013220391,-0.008790271,-2.130793079
48.1488,2,0.55,2.26,0.009376373,0.025361811,-2.103625804
48.1791,2,0.55,2.24,0.011232843,-0.019226511,-2.147796926
49.5713,2.1,0.55,2.24,0.009388035,0.026851769775036886,-2.238744176
49.5996,2.1,0.55,2.24,0.005243972,-0.028693036,-2.262973558
49.6289,2.1,0.55,2.26,0.015440839865116095,-0.002301037,-2.235469995
49.6603,2.1,0.55,2.26,0.009299038,-0.019216496,-2.266105667
49.6893,2.1,0.55,2.25,0.017629142042005885,0.005718567,-2.235267754
49.7175,2.1,0.55,2.25,0.015619717131303942,0.021434122,-2.265506295
49.7476,2.1,0.55,2.25,0.013317543463208495,-0.019368418,-2.255878008
49.7802,2.1,0.55,2.25,0.009430719,-0.016752667,-2.27951542
49.8088,2.1,0.55,2.26,0.015420356004093621,-0.016094035,-2.249013722
49.8372,2.1,0.55,2.27,0.011401792571862423,0.019329080784872096,-2.262338712
49.8664,2.1,0.55,2.25,0.009364204,-0.012559748,-2.245819348
49.8984,2.1,0.55,2.24,0.009528189,0.020165042694284756,-2.258994295
49.9279,2.1,0.55,2.25,0.011369459,-0.018516275,-2.239078954
49.9562,2.1,0.55,2.24,0.005454014,0.008196191,-2.245755041
49.9853,2.1,0.55,2.24,0.013385500126797843,-0.0055153,-2.24566505
50.0183,2.1,0.55,2.25,0.015516505229349466,0.019321204951226086,-2.275662259
50.0491,2.1,0.55,2.26,0.011487485599497856,-0.009252829,-2.252492797
50.0798,2.1,0.55,2.24,0.005545292,-0.000622408,-2.279526185
50.1113,2.1,0.55,2.25,0.017616716546658077,0.021874807819811815,-2.225031601
50.1412,2.1,0.55,2.25,0.009365674,-0.023679175,-2.286366884
50.1728,2.1,0.55,2.23,0.011375762008807154,0.018560382735772006,-2.22190363
50.2023,2.1,0.55,2.25,0.017331802160187766,-0.021773351,-2.24560548
50.2344,2.1,0.55,2.25,0.011431364794513253,0.007122478,-2.248933214
50.2638,2.1,0.55,2.26,0.013430385112147187,-0.012352028,-2.255805472
50.2959,2.1,0.55,2.25,0.013503473298391622,0.010763256831255072,-2.252255589
50.3242,2.1,0.55,2.24,0.009312456,-0.005643946,-2.235644633
50.3533,2.1,0.55,2.25,0.00740219,0.016303221340034937,-2.242320162
50.3836,2.1,0.55,2.26,0.013456034309678323,-0.009968552,-2.262498751
50.414,2.1,0.55,2.26,0.017358820231058475,0.020166894,-2.238568521
50.4438,2.1,0.55,2.25,0.015371524288757587,-0.013694379,-2.242252364
51.8676,2.2,0.55,2.25,0.007464068,-0.01300463,-2.357403236
51.8969,2.2,0.57,2.25,0.009587543,0.018961777636264016,-2.370549499
51.9254,2.2,0.57,2.27,0.017685815302971288,-0.011340719,-2.373866545
51.9552,2.2,0.57,2.26,0.013642280427905593,0.023037984,-2.346763109
51.986,2.2,0.57,2.24,0.017670357,-0.018654655,-2.363731254
52.0174,2.2,0.57,2.24,0.007606534,0.0084167,-2.38413948
52.0491,2.2,0.57,2.26,0.0094789,-0.007042573,-2.353922967
52.0785,2.2,0.57,2.26,0.013626221754248675,0.009583697,-2.377210494
52.1101,2.2,0.57,2.26,0.009330808,-0.013761518,-2.360713361
52.1399,2.2,0.57,2.24,0.013578748950247025,0.009523577,-2.373879725
52.1699,2.2,0.57,2.25,0.011509833,-0.019844558,-2.360674929
52.2004,2.2,0.55,2.26,0.011725687,0.022507997722952835,-2.387285224
52.2296,2.2,0.55,2.26,0.015570480523392414,-0.012788605,-2.367258271
52.2589,2.2,0.57,2.26,0.017701829532108783,0.014395367547037897,-2.380397031
52.2911,2.2,0.55,2.28,0.013563059,-0.016182747,-2.370797399
52.3256,2.2,0.55,2.25,0.011583230829133723,-0.021798845,-2.374098685
52.3565,2.2,0.57,2.24,0.007478723,0.015191231754121792,-2.360503133
52.3859,2.2,0.55,2.27,0.011598171099317912,-0.026360833,-2.39100849
52.4176,2.2,0.55,2.27,0.0095614,0.006916201,-2.370654959
52.4456,2.2,0.55,2.26,0.011556202656950962,-0.024040251,-2.384281426
52.4754,2.2,0.57,2.25,0.017773559,0.023157101095529303,-2.356721072
52.5046,2.2,0.57,2.25,0.00959399,0.009893767,-2.387369566
52.5347,2.2,0.55,2.26,0.013537477975925215,0.032314254,-2.329806392
52.5648,2.2,0.55,2.27,0.009424974,-0.017867329,-2.391098785
52.5946,2.2,0.55,2.25,0.01163275,0.019157105,-2.329964069
52.6268,2.2,0.55,2.27,0.009549487,-0.018510937,-2.377579971
52.6558,2.2,0.55,2.26,0.013640998543044406,0.020696471,-2.350180048
52.688,2.2,0.55,2.28,0.011565305856608846,-0.019466063,-2.37403368
52.7178,2.2,0.55,2.25,0.011528532208976278,0.010304793354067643,-2.346936681
52.749,2.2,0.55,2.26,0.011496372515504642,-0.001198779,-2.350456346
54.1661,2.3,0.57,2.26,0.011713369104327187,-0.022728195,-2.519419056
54.1945,2.3,0.57,2.25,0.009755356,-0.024595465,-2.48911264
54.2243,2.3,0.57,2.27,0.013871238899324824,0.020024476834827113,-2.495293276
54.2561,2.3,0.57,2.26,0.021878252009807617,0.012197158128939263,-2.45808855
54.2862,2.3,0.57,2.26,0.009707935,-0.014857369,-2.509300662
54.3177,2.3,0.57,2.26,0.017848878913207723,0.026448949775922208,-2.458062824
54.3474,2.3,0.57,2.27,0.007713471,-0.018199423,-2.519446912
54.3784,2.3,0.55,2.28,0.015926375932768716,0.022939217,-2.468215207
54.4086,2.3,0.55,2.27,0.009672511,-0.02408838,-2.505934584
54.4378,2.3,0.57,2.27,0.017810765,0.024247430055605507,-2.468190628
54.4685,2.3,0.55,2.28,0.015845524290796904,-0.020866611,-2.492194052
54.5003,2.3,0.57,2.28,0.015910154,0.025159692150622668,-2.454722342
54.5324,2.3,0.55,2.28,0.015906868,-0.002207251,-2.498878265
54.5627,2.3,0.57,2.28,0.015865582338745143,0.006822965,-2.481886393
54.5943,2.3,0.55,2.28,0.011672151,-0.023765957,-2.465473539
54.6265,2.3,0.57,2.28,0.013742585731968002,-0.012428477,-2.50571834
54.6582,2.3,0.55,2.27,0.013819709,0.024186936560792748,-2.458224626
54.6906,2.3,0.57,2.26,0.017716205972522592,-0.00574367,-2.485350258
54.7183,2.3,0.57,2.26,0.011770657,0.027475542,-2.461630331
54.7471,2.3,0.57,2.27,0.011866423742277341,-0.027718296,-2.515982654
54.7756,2.3,0.57,2.28,0.011703183880641795,-0.01873202,-2.482205377
54.8054,2.3,0.57,2.26,0.009784569,0.017466514343083446,-2.492076026
54.8353,2.3,0.55,2.26,0.013703278492433812,-0.02472178,-2.462002829
54.8653,2.3,0.57,2.27,0.013829226345606509,0.017813530538036908,-2.508848595
54.8957,2.3,0.55,2.26,0.009665861,-0.015319892,-2.472231504
54.9244,2.3,0.55,2.27,0.011820978048346396,0.016274164682594048,-2.488632615
54.9532,2.3,0.57,2.26,0.005656686,-0.008080437,-2.489118657
54.9825,2.3,0.57,2.26,0.007725157,0.004714369,-2.49561466
55.014,2.3,0.57,2.28,0.013726184920906628,-0.008293702,-2.475366686
55.0435,2.3,0.57,2.26,0.011754574135987088,0.011807433,-2.49205349
56.4681,2.4,0.57,2.29,0.020130492212558384,0.022236441,-2.61666667
56.4962,2.4,0.57,2.28,0.013929271423183079,-0.016307912,-2.620627168
56.5279,2.4,0.57,2.29,0.018027477,0.018662535972611673,-2.606647942
56.5579,2.4,0.57,2.28,0.013829141,-0.018675207,-2.600479252
56.5868,2.4,0.57,2.29,0.013964115682361887,0.016422252,-2.613534257
56.6155,2.4,0.57,2.28,0.013885765412385894,-0.009613255,-2.593610726
56.6453,2.4,0.57,2.29,0.013962984,0.004582046,-2.61031542
56.6763,2.4,0.57,2.28,0.01608642,-0.013052485,-2.617127944
56.7061,2.4,0.57,2.3,0.013991399538711473,0.011948069090649006,-2.627057833
56.7354,2.4,0.57,2.29,0.013836836607229093,-0.004730015,-2.600308448
56.7676,2.4,0.57,2.28,0.011968461768434661,0.019697858,-2.606863514
56.7963,2.4,0.57,2.29,0.011851746782482991,-0.013266336,-2.580136322
56.8282,2.4,0.57,2.29,0.007989458,0.027175917,-2.633888524
56.8581,2.4,0.57,2.29,0.017911041700716474,-0.018803424,-2.603651293
56.9048,2.4,0.57,2.29,0.020031223,0.007851152,-2.586417248
56.9354,2.4,0.57,2.25,0.017950364,-0.009562986,-2.603589855
56.9633,2.4,0.57,2.29,0.013849954691808932,0.011026595544573456,-2.566423481
56.9932,2.4,0.57,2.29,0.009878201,-0.011445281,-2.617303951
57.0262,2.4,0.57,2.28,0.018008420176947624,0.009155112,-2.6033641
57.0573,2.4,0.57,2.27,0.018023883349755597,-0.011787034,-2.603578757
57.0868,2.4,0.57,2.3,0.009903695,0.011879645,-2.623858154
57.115,2.4,0.57,2.28,0.009903671,-0.007147505,-2.607138442
57.1447,2.4,0.57,2.26,0.015965245366648315,0.007942954,-2.593314138
57.1768,2.4,0.57,2.29,0.017912392,-0.009716561,-2.579976196
57.2059,2.4,0.57,2.28,0.012082720194561613,0.005796605,-2.623819723
57.2383,2.4,0.57,2.29,0.009747923,-0.011837358,-2.587042404
57.268,2.4,0.57,2.27,0.016103716148782178,0.015025114,-2.62024149
57.2996,2.4,0.57,2.27,0.022050465569909028,-0.016421869,-2.61022661
57.3286,2.4,0.57,2.27,0.009930694,0.023349984,-2.606876336
57.3587,2.4,0.57,2.27,0.013903395472984277,-0.021204733,-2.59702665
58.7861,2.5,0.57,2.29,0.018159923670262625,0.012318472351173115,-2.704732629
58.8158,2.5,0.57,2.3,0.014051995829868661,-0.019701295,-2.745557846
58.8474,2.5,0.57,2.28,0.016103002251977437,0.008946757,-2.714920689
58.8767,2.5,0.57,2.29,0.012095737727557818,-0.011882657,-2.725342361
58.9061,2.5,0.57,2.29,0.014160228413292142,0.017146766831305386,-2.721643499
58.9379,2.5,0.57,2.28,0.010097321884336475,-0.008219027,-2.732092823
58.9667,2.5,0.57,2.29,0.010048132505140615,0.014822556710800811,-2.708309376
58.9959,2.5,0.57,2.3,0.014033132877765524,-0.017362557,-2.732051332
59.029,2.5,0.57,2.31,0.016190029453801075,0.009317903,-2.741872112
59.0607,2.5,0.57,2.3,0.012148791918495466,-0.014243125,-2.732124362
59.0901,2.5,0.57,2.28,0.018290500992589578,0.010526488581599979,-2.73841811
59.1188,2.5,0.57,2.29,0.014007154956581246,-0.008333039,-2.715135041
59.1511,2.5,0.57,2.29,0.016238605485179195,0.013633835259290177,-2.724927152
59.1791,2.5,0.57,2.29,0.014075096439064006,-0.008240383,-2.732003544
59.208,2.5,0.57,2.29,0.016124825857994896,0.006623401,-2.711558178
59.2369,2.5,0.57,2.31,0.010161138,-0.010649143,-2.735481602
59.2649,2.5,0.57,2.29,0.016162785,0.029766371,-2.701291299
59.2953,2.5,0.57,2.29,0.016108675,-0.032603387,-2.745544008
59.3271,2.5,0.57,2.29,0.016134131761818816,0.011497111686095591,-2.718193447
59.3565,2.5,0.57,2.29,0.022170370522883925,-0.017782688,-2.71828485
59.3877,2.5,0.57,2.3,0.022166263970612058,0.010164446363495876,-2.714749987
59.4176,2.5,0.57,2.32,0.016060109580051024,-0.011716101,-2.728632654
59.4515,2.5,0.57,2.3,0.016244109845662384,0.016014537,-2.721530856
59.4827,2.5,0.57,2.27,0.012003384821894735,-0.016548804,-2.718646022
59.5171,2.5,0.57,2.31,0.018344484295454867,0.019706704849562655,-2.731535935
59.5503,2.5,0.57,2.29,0.016163045,0.011608026,-2.731772469
59.5837,2.5,0.57,2.3,0.022033635130339176,-0.017496645,-2.721755037
59.6152,2.5,0.57,2.3,0.014131096101773717,-0.02434593,-2.748997981
59.6467,2.5,0.57,2.29,0.020262736,0.015592854759681975,-2.697868343
59.6765,2.5,0.57,2.29,0.018130192,-0.024806104,-2.725239243
61.0998,2.6,0.57,2.31,0.010299291751361656,-0.014312983,-2.847053006
61.1296,2.6,0.57,2.29,0.016365968416859375,0.019268577028329296,-2.833092701
61.1581,2.6,0.58,2.31,0.018280470885318516,-0.025628797,-2.860318353
61.186,2.6,0.58,2.31,0.018307389,-0.01472774,-2.813018667
61.2142,2.6,0.58,2.31,0.016416179106586506,0.016726850298279118,-2.822978039
61.243,2.6,0.58,2.31,0.014267286490622288,-0.009739117,-2.843516076
61.2728,2.6,0.57,2.3,0.012427251,0.010042740618013562,-2.843270539
61.3031,2.6,0.58,2.3,0.012264721213176389,-0.010812082,-2.836762589
61.3358,2.6,0.58,2.31,0.016509474876233048,0.009944286,-2.849890739
61.3679,2.6,0.58,2.3,0.020442453,0.025822715,-2.799096271
61.3997,2.6,0.58,2.28,0.018345592917972768,-0.023503577,-2.860314418
61.4288,2.6,0.58,2.3,0.014258677713477826,0.022670594,-2.816230026
61.4592,2.6,0.58,2.31,0.018244839171311686,-0.023716574,-2.833294409
61.4896,2.6,0.57,2.32,0.018321768,0.017866005,-2.812718856
61.5192,2.6,0.58,2.3,0.020366993,-0.02687929,-2.86021936
61.5517,2.6,0.58,2.3,0.012269823802997485,0.007679019,-2.836626587
61.5837,2.6,0.58,2.31,0.008095599,-0.006087846,-2.833557285
61.6112,2.6,0.58,2.31,0.008290836,0.012104212494324437,-2.819874648
61.6415,2.6,0.57,2.31,0.018428263,-0.016725792,-2.850104026
61.6692,2.6,0.58,2.31,0.022438130634455256,0.024760932,-2.805791239
61.6995,2.6,0.58,2.3,0.014279388140886255,-0.02592512,-2.850304069
61.7313,2.6,0.58,2.29,0.012263052732569087,0.016717266758922267,-2.816358361
61.7594,2.6,0.58,2.31,0.020284269945259857,-0.026641965,-2.86360645
61.7881,2.6,0.57,2.31,0.012313089306472545,0.021460411274097636,-2.81285525
61.8179,2.6,0.58,2.29,0.012176096808831962,-0.008287815,-2.85358112
61.8494,2.6,0.58,2.32,0.020384193916372893,0.023618421365316354,-2.7991345
61.8799,2.6,0.58,2.31,0.018330831300272243,-0.02085589,-2.860263402
61.9125,2.6,0.58,2.31,0.012268735753315878,0.017183668,-2.829820854
61.9449,2.6,0.58,2.3,0.018166062744106908,-0.019042177,-2.833302434
61.9741,2.6,0.58,2.31,0.018382043,0.011597862433628963,-2.853252727
63.3901,2.7,0.58,2.3,0.012388814825705955,0.008537978,-2.931267542
63.4193,2.7,0.58,2.31,0.016440949160114966,0.008770202,-2.958067754
63.4484,2.7,0.58,2.3,0.014451607131161405,-0.017898173,-2.961810962
63.48,2.7,0.58,2.31,0.018506203,0.000943415,-2.988461522
63.5089,2.7,0.58,2.3,0.01237962,-0.021808711,-2.945053733
63.538,2.7,0.58,2.31,0.018584994869056983,0.010029479915843395,-2.961372037
63.57,2.7,0.58,2.3,0.020485829191261882,-0.005078881,-2.95472124
63.5999,2.7,0.58,2.3,0.016625930717614375,0.013704613558116075,-2.974860139
63.6318,2.7,0.58,2.31,0.020491068107050276,0.026902920915790548,-2.914068923
63.6614,2.7,0.58,2.31,0.014353478656618814,-0.015176567,-2.978581551
63.6929,2.7,0.58,2.31,0.020444732003057478,0.027240251630888477,-2.920731844
63.7209,2.7,0.58,2.31,0.014411737413919374,-0.012972273,-2.978543322
63.7501,2.7,0.58,2.32,0.024587154668776402,-0.007951711,-2.927647412
63.7787,2.7,0.58,2.32,0.018575138026113602,0.019425989,-2.951076857
63.8071,2.7,0.58,2.31,0.018371849337173757,-0.008882661,-2.931212721
63.8378,2.7,0.58,2.33,0.020596736,0.010979227425425555,-2.944394473
63.8695,2.7,0.58,2.31,0.020408610733709913,-0.019274182,-2.938016547
63.8989,2.7,0.58,2.31,0.016556731398570525,0.013484267568188229,-2.961432802
63.9313,2.7,0.58,2.31,0.020516548,0.008315184,-2.917453118
63.9635,2.7,0.58,2.3,0.022434068,-0.026872474,-2.97165937
63.9926,2.7,0.58,2.31,0.016558816714809535,0.022265653115256454,-2.9343162
64.024,2.7,0.58,2.31,0.016395339,-0.023786432,-2.948223053
64.0549,2.7,0.58,2.31,0.014448158812034345,0.014544772362452173,-2.947987066
64.0869,2.7,0.58,2.32,0.020412383348447447,-0.007552239,-2.941249033
64.118,2.7,0.58,2.31,0.014430383909333266,0.007378861,-2.941286285
64.1487,2.7,0.59,2.31,0.018460129836253947,-0.013754396,-2.931252639
64.1819,2.7,0.58,2.31,0.016369292924606087,-0.021502265,-2.95156492
64.2134,2.7,0.58,2.31,0.016450662240471384,0.034179487249488535,-2.920811563
64.2445,2.7,0.58,2.32,0.016512035,-0.021292144,-2.965005385
64.2749,2.7,0.58,2.31,0.018550645,0.014283215116748748,-2.930931153
65.6923,2.8,0.59,2.34,0.014530675803492245,-0.021911531,-3.049665487
65.72,2.8,0.59,2.33,0.016729990339354885,0.00757892,-3.079696976
65.7499,2.8,0.59,2.32,0.012631379048114445,-0.011177246,-3.076605661
65.7821,2.8,0.59,2.32,0.020803639614966028,0.019218487782866153,-3.072605057
65.811,2.8,0.58,2.31,0.016626852,-0.016044729,-3.059674148
65.8397,2.8,0.59,2.33,0.022753600568240266,0.010969166,-3.0693647
65.8681,2.8,0.59,2.34,0.012624515775783482,-0.011098171,-3.076571368
65.8981,2.8,0.59,2.3,0.014549601684458447,0.010751165139053165,-3.052834479
65.9292,2.8,0.59,2.33,0.014614680503400146,-0.002994017,-3.059556946
65.9586,2.8,0.59,2.33,0.012693628,0.016808975673004864,-3.069601473
65.9907,2.8,0.58,2.32,0.018500102153481114,-0.00768152,-3.052771328
66.0201,2.8,0.58,2.34,0.02073741,0.007466884,-3.069414381
66.0528,2.8,0.58,2.32,0.018575332720972403,-0.021564515,-3.066438055
66.0825,2.8,0.59,2.32,0.016705173162623363,0.019219711389162977,-3.0727986
66.1131,2.8,0.58,2.31,0.012454818394585766,-0.018247103,-3.059830338
66.1436,2.8,0.59,2.32,0.016727171,0.026424811,-3.079520026
66.1761,2.8,0.58,2.32,0.026675298785704963,0.015041319109838039,-3.028737967
66.2082,2.8,0.58,2.33,0.022703641912321396,-0.00991414,-3.066159357
66.2383,2.8,0.59,2.33,0.014679376714638365,0.013027779602893332,-3.062789079
66.2696,2.8,0.59,2.31,0.008565324,-0.006284155,-3.076655023
66.2992,2.8,0.59,2.32,0.012561947743913855,0.014345146784840453,-3.056191719
66.3316,2.8,0.59,2.33,0.020609851,-0.009183617,-3.03245803
66.3632,2.8,0.59,2.31,0.020738618662070815,0.014505802404128644,-3.079480746
66.3943,2.8,0.59,2.3,0.022713122,-0.012325301,-3.066183075
66.425,2.8,0.59,2.32,0.014658007857962972,-0.007774375,-3.069714599
66.454,2.8,0.59,2.32,0.022512097,-0.016953538,-3.052756613
66.4817,2.8,0.59,2.31,0.018753978353936405,0.011100054935344534,-3.072792265
66.5125,2.8,0.59,2.33,0.010470076115119008,-0.007726511,-3.059826084
66.553,2.8,0.59,2.32,0.022781567,0.013204615962801527,-3.072623469
66.5889,2.8,0.58,2.33,0.020709075711615177,0.000670144,-3.082989835
68.0112,2.9,0.59,2.34,0.018841927,-0.018278142,-3.184557695
68.0425,2.9,0.59,2.31,0.014727997034952745,0.002665229,-3.184536582
68.075,2.9,0.59,2.34,0.018803581,-0.01155025,-3.171003407
68.1049,2.9,0.58,2.33,0.018845641412459053,0.011901668553958987,-3.174192026
68.1338,2.9,0.59,2.33,0.014829806257866557,-0.014106934,-3.174536925
68.1663,2.9,0.58,2.33,0.018917331458296018,0.021502445012493793,-3.19426879
68.1952,2.9,0.59,2.34,0.024907505,-0.017208478,-3.180952483
68.2281,2.9,0.58,2.34,0.018735769,0.010167348895277841,-3.20119671
68.2599,2.9,0.59,2.33,0.018785666085860072,0.032799078,-3.153777576
68.2889,2.9,0.59,2.34,0.020788381,-0.023715382,-3.201301304
68.3176,2.9,0.59,2.31,0.016910036,-0.01041754,-3.174452428
68.3465,2.9,0.59,2.33,0.018887783628362645,0.019109543,-3.191003026
68.3785,2.9,0.59,2.33,0.026843382081422673,-0.004657723,-3.160621449
68.4067,2.9,0.59,2.33,0.020807398997112366,0.017906487844417365,-3.184236363
68.4363,2.9,0.59,2.32,0.018962817,-0.023329059,-3.177866105
68.4656,2.9,0.59,2.34,0.014886706,0.007370463,-3.187763595
68.4966,2.9,0.59,2.32,0.014650807512025762,-0.020759005,-3.174630966
68.5262,2.9,0.59,2.32,0.022929123,0.011930904087902938,-3.177371061
68.5573,2.9,0.59,2.32,0.012633552764752294,-0.012542815,-3.167899139
68.587,2.9,0.59,2.32,0.014794671809327335,0.014176834193081043,-3.177740563
68.6168,2.9,0.59,2.32,0.014790580584957205,-0.025830955,-3.161139283
68.6482,2.9,0.59,2.32,0.012772952654464462,0.006080029,-3.181162315
68.6787,2.9,0.59,2.35,0.020814364583299487,-0.012912253,-3.160890942
68.7109,2.9,0.59,2.34,0.014782840835699003,-0.027494348,-3.198287956
68.7398,2.9,0.59,2.32,0.014870328990197057,0.013719060716295261,-3.157436167
68.7699,2.9,0.59,2.33,0.012710708286424188,-0.033348949,-3.194941355
68.8019,2.9,0.59,2.34,0.024900105407434123,0.022240151445877644,-3.163732799
68.8356,2.9,0.59,2.34,0.020956985690778265,-0.012432372,-3.187766261
68.8677,2.9,0.59,2.34,0.016908206686354493,0.018220612,-3.211235778
68.9022,2.9,0.59,2.33,0.016754820026196784,0.001100934,-3.15072736
70.3162,3,0.59,2.35,0.018944481287532376,-0.012549248,-3.312930553
70.3443,3,0.59,2.34,0.016869539,0.025645259624728946,-3.275550689
70.3726,3,0.6,2.36,0.016955574,-0.020525713,-3.32650381
70.4023,3,0.59,2.35,0.027011939756890715,0.010309428387615322,-3.275277745
70.4311,3,0.59,2.35,0.017074448,0.016522461618795694,-3.312631096
70.4599,3,0.6,2.35,0.020858491213615233,-0.013545539,-3.302688432
70.4918,3,0.6,2.35,0.014954160097649761,0.003898108,-3.316218534
70.5207,3,0.59,2.35,0.022919538359402872,-0.024464379,-3.289284608
70.5502,3,0.59,2.35,0.023016916495448105,0.020307485,-3.305692903
70.5821,3,0.6,2.34,0.018840802,0.003300541,-3.2553915
70.6117,3,0.59,2.35,0.023012747,0.013253185,-3.312495563
70.6435,3,0.59,2.34,0.022947215,0.021971676731727924,-3.271958618
70.6727,3,0.59,2.34,0.012846065965929231,0.000860252,-3.323055521
70.7017,3,0.6,2.33,0.014864700030943222,-0.024311336,-3.296215841
70.7331,3,0.59,2.35,0.020959071,-0.022860998,-3.319624505
70.761,3,0.59,2.35,0.018815491,-0.022042568,-3.286026919
70.7915,3,0.59,2.34,0.019013192943966327,0.020129424866040743,-3.29566497
70.8197,3,0.59,2.35,0.02097926,-0.018326695,-3.309431697
70.8485,3,0.59,2.34,0.020950515399140612,0.002533603,-3.299161759
70.8771,3,0.6,2.33,0.019123407884765922,-0.012538645,-3.312763836
70.9066,3,0.6,2.35,0.019082363675443602,0.012765377147882437,-3.285597743
70.9386,3,0.6,2.34,0.018874934,-0.015013179,-3.296030831
70.9668,3,0.59,2.35,0.014937909008789935,0.015347516302468858,-3.295926592
70.9968,3,0.6,2.34,0.021081166098158875,-0.020769114,-3.302668447
71.0293,3,0.6,2.36,0.023019683311117686,0.008476705,-3.299046551
71.0645,3,0.59,2.35,0.022951997853019546,-0.015144867,-3.289188878
71.0979,3,0.59,2.35,0.016924112,-0.01155919,-3.292677207
71.1274,3,0.59,2.33,0.012971928950104067,0.009303508,-3.285861611
71.1568,3,0.59,2.35,0.018977043,-0.017156075,-3.306150595
71.1883,3,0.6,2.35,0.023031577,0.003433936,-3.282176678
72.6203,3.1,0.6,2.37,0.015085180077648317,-0.023544858,-3.414435301
72.6521,3.1,0.6,2.38,0.019179763,0.007018281,-3.407283299
72.684,3.1,0.6,2.37,0.023061096789277688,-0.020967566,-3.420922722
72.717,3.1,0.6,2.36,0.021124005968545856,-0.012301155,-3.441108024
72.7482,3.1,0.6,2.35,0.027154137008923305,0.025412405,-3.386706491
72.7796,3.1,0.6,2.35,0.021044102599397638,-0.030909721,-3.444672064
72.8097,3.1,0.6,2.35,0.019149789083970605,0.018521955444342132,-3.407253604
72.8389,3.1,0.6,2.36,0.01703354,-0.028794884,-3.434634063
72.8687,3.1,0.6,2.35,0.019144029038497375,0.022856842655400784,-3.386943583
72.9006,3.1,0.6,2.37,0.021159329366525967,-0.017296006,-3.420906861
72.9299,3.1,0.6,2.37,0.01909153,0.016317661,-3.407291832
72.9616,3.1,0.6,2.37,0.025185882659383128,-0.012701907,-3.420755636
72.9911,3.1,0.59,2.36,0.019132192837243135,0.009441744,-3.417411611
73.0241,3.1,0.59,2.36,0.017089128866856367,-0.017243393,-3.427783107
73.056,3.1,0.6,2.36,0.023219500498144738,0.014177811847323203,-3.430646436
73.0865,3.1,0.6,2.35,0.023168463002871908,-0.025560812,-3.431045559
73.1174,3.1,0.6,2.36,0.019071404118368003,-0.018117265,-3.437857648
73.1458,3.1,0.6,2.37,0.021022144457248162,-0.022140536,-3.410893403
73.1763,3.1,0.59,2.36,0.023176250172494466,0.014156881221156627,-3.427336311
73.2067,3.1,0.6,2.35,0.025120610900312458,-0.02214176,-3.41069986
73.2365,3.1,0.6,2.37,0.015163869366299158,0.016280872852264393,-3.41072553
73.2689,3.1,0.6,2.35,0.019218756765460202,0.027671713,-3.396998851
73.299,3.1,0.6,2.36,0.019006185338588763,-0.034572229,-3.434625175
73.331,3.1,0.59,2.36,0.019060202652893488,0.018838355542284538,-3.4106064
73.3621,3.1,0.6,2.37,0.02502046,-0.010013433,-3.42755404
73.3929,3.1,0.6,2.36,0.021101748029837226,-0.001347911,-3.40390543
73.4234,3.1,0.6,2.37,0.021054579898822243,-0.015034847,-3.410773447
73.4547,3.1,0.6,2.38,0.025209771185852804,0.008251744,-3.42727862
73.4871,3.1,0.6,2.37,0.025104616,-0.01740794,-3.414114234
73.5188,3.1,0.59,2.35,0.021000228636910277,-0.028776353,-3.434489846
74.9401,3.2,0.6,2.37,0.019297180600130165,0.012986476,-3.545718433
74.969,3.2,0.6,2.39,0.021358314531096247,-0.025619166,-3.552711842
74.9985,3.2,0.6,2.37,0.029538894,0.016567461741758844,-3.555412528
75.03,3.2,0.6,2.38,0.023142124,-0.014995494,-3.53575119
75.0589,3.2,0.6,2.37,0.023360271016970413,0.008181886,-3.542207263
75.0893,3.2,0.6,2.38,0.021177502474372986,-0.023499278,-3.529116798
75.1203,3.2,0.6,2.38,0.025546405963172442,0.023664149540520037,-3.555499242
75.1482,3.2,0.6,2.35,0.023243888383110128,-0.019485858,-3.562729403
75.1775,3.2,0.6,2.37,0.029442618446964094,0.009678065,-3.55211948
75.2065,3.2,0.6,2.38,0.021301211641228134,-0.013769431,-3.555993133
75.2351,3.2,0.6,2.37,0.029332554,0.016034114,-3.51168935
75.2631,3.2,0.6,2.37,0.023328198091310502,-0.031008487,-3.56612416
75.2921,3.2,0.6,2.39,0.025267858,0.018467428443276444,-3.515169301
75.3214,3.2,0.6,2.39,0.025272069944912625,-0.006696601,-3.549046257
75.349,3.2,0.6,2.39,0.027340106038326054,-0.012593705,-3.545712212
75.3788,3.2,0.6,2.38,0.021350891,0.011615641165408756,-3.535467934
75.4069,3.2,0.6,2.38,0.023318481571513013,-0.008225159,-3.535643499
75.4357,3.2,0.6,2.36,0.019304044,0.012907401018348554,-3.545752726
75.4634,3.2,0.6,2.38,0.02516642,-0.025205059,-3.559376098
75.4926,3.2,0.6,2.36,0.029387848042731198,0.018326908924428457,-3.508189313
75.5214,3.2,0.6,2.39,0.021379780144262228,0.009512733,-3.54902273
75.5512,3.2,0.6,2.38,0.023238646367632905,-0.020088374,-3.518949382
75.5826,3.2,0.6,2.38,0.019195405531718578,-0.007726379,-3.552596532
75.6121,3.2,0.6,2.37,0.027290766956655388,0.003133246,-3.511869055
75.6412,3.2,0.6,2.36,0.021364742784086805,0.016558302977937464,-3.545572005
75.6725,3.2,0.6,2.37,0.029350183980714366,0.004442635,-3.515105273
75.7019,3.2,0.6,2.38,0.029457482025703943,-0.006895961,-3.545486268
75.7304,3.2,0.6,2.38,0.019240383,-0.022417261,-3.525807535
75.761,3.2,0.6,2.39,0.025398111252434685,0.016645682,-3.545406622
75.7941,3.2,0.6,2.37,0.029401575,0.01816876,-3.5082579
77.2178,3.3,0.6,2.39,0.025651471727619293,0.024277852,-3.653519431
77.2498,3.3,0.61,2.39,0.017400318470243425,-0.01261648,-3.677737765
77.2782,3.3,0.6,2.4,0.019544713,0.018208181,-3.653779378
77.3071,3.3,0.6,2.38,0.027552430604908282,-0.039292883,-3.70117063
77.3365,3.3,0.6,2.38,0.025616095694607773,0.019474485933196367,-3.650201803
77.3639,3.3,0.61,2.39,0.021618011045501664,0.015231298984052203,-3.673918745
77.3942,3.3,0.61,2.39,0.023387073,-0.028113392,-3.65739664
77.4269,3.3,0.61,2.39,0.017411312008020256,-0.021615539,-3.698026634
77.4587,3.3,0.61,2.38,0.023476843120104608,0.023115209380796975,-3.646966955
77.4885,3.3,0.6,2.4,0.025468767,-0.024100669,-3.691084826
77.5207,3.3,0.61,2.39,0.023583991450198585,0.00446198,-3.667288239
77.5495,3.3,0.61,2.38,0.023491696397355995,-0.018662035,-3.674190056
77.5793,3.3,0.6,2.39,0.025435433361642036,0.028909007,-3.636666469
77.6103,3.3,0.61,2.39,0.021523249316495074,-0.015059324,-3.674195361
77.6398,3.3,0.6,2.4,0.019459175136401528,0.009035314,-3.647068882
77.6723,3.3,0.6,2.39,0.025449275618259395,-0.008164876,-3.663931366
77.7017,3.3,0.6,2.39,0.031494583,0.004614529,-3.656896581
77.7326,3.3,0.61,2.39,0.025378620642352932,-0.020255191,-3.643837032
77.7637,3.3,0.6,2.38,0.023520151303360805,0.004678273,-3.663875234
77.7953,3.3,0.6,2.39,0.019458401,-0.02344682,-3.660872133
77.8272,3.3,0.61,2.38,0.023499967,-0.011298786,-3.680842894
77.8571,3.3,0.6,2.38,0.031633045699703835,0.006430001,-3.64002276
77.8889,3.3,0.61,2.38,0.023507009,-0.030105488,-3.681040488
77.919,3.3,0.61,2.39,0.027638599122030087,0.020354585,-3.629831018
77.9507,3.3,0.6,2.39,0.021561319125887733,-0.017389332,-3.684349941
77.9792,3.3,0.6,2.39,0.033608250105982306,0.016778437260772966,-3.626405142
78.0085,3.3,0.61,2.39,0.023392982710583776,-0.025133646,-3.687766371
78.0394,3.3,0.6,2.4,0.019536882680856144,0.027522144859781144,-3.633504497
78.0696,3.3,0.61,2.41,0.023516465,-0.034730471,-3.68103998
78.1045,3.3,0.61,2.37,0.025632593591443882,0.012856128176679105,-3.667094376
79.5272,3.4,0.6,2.4,0.025775907818576006,0.009225522,-3.792127932
79.5562,3.4,0.61,2.41,0.017643904006867578,-0.011831846,-3.789177774
79.5848,3.4,0.61,2.42,0.025641263,0.006850194,-3.77525637
79.615,3.4,0.6,2.4,0.029755119200975722,-0.009395771,-3.788760788
79.646,3.4,0.6,2.4,0.021602418383455353,0.011966506969969381,-3.802312614
79.6751,3.4,0.6,2.39,0.029626258,-0.013892163,-3.792223473
79.7035,3.4,0.61,2.41,0.029801020641893973,0.015710114,-3.75822825
79.7328,3.4,0.61,2.41,0.025733073,-0.029895204,-3.819438051
79.7654,3.4,0.61,2.41,0.021666355619573037,0.009266631,-3.792266538
79.7971,3.4,0.61,2.4,0.025807390437267957,-0.014236622,-3.78895244
79.827,3.4,0.61,2.4,0.019633821575914742,0.008254585,-3.792258209
79.858,3.4,0.6,2.4,0.025780136,-0.018991373,-3.782227941
79.8879,3.4,0.61,2.4,0.025754060162925616,0.009335056,-3.795466217
79.9176,3.4,0.61,2.4,0.023622634,-0.013047629,-3.775479928
79.9488,3.4,0.61,2.4,0.023804597,0.010329268,-3.795543183
79.979,3.4,0.61,2.39,0.017490429,-0.021201253,-3.785929609
80.0108,3.4,0.6,2.41,0.023583330190467412,0.00818184,-3.785486226
80.0402,3.4,0.6,2.39,0.023672950769155283,-0.029619578,-3.779011872
80.0727,3.4,0.6,2.4,0.025509944591060103,-0.027698319,-3.785643558
80.1056,3.4,0.6,2.39,0.023720389425013762,0.007925559,-3.785464198
80.1376,3.4,0.61,2.41,0.025674253884791613,-0.011757093,-3.785571177
80.1668,3.4,0.61,2.41,0.023777371174515814,-0.003654416,-3.795617762
80.1953,3.4,0.61,2.4,0.027823286,-0.019993037,-3.792253677
80.2247,3.4,0.6,2.4,0.019702963376917106,0.010119471,-3.775391904
80.256,3.4,0.61,2.42,0.023732791,-0.010444504,-3.795676125
80.2853,3.4,0.61,2.39,0.025672359,0.013258911,-3.748259711
80.3176,3.4,0.61,2.38,0.025706863,-0.011936274,-3.77883967
80.3471,3.4,0.61,2.4,0.019677217,0.010219578,-3.782157705
80.3796,3.4,0.61,2.4,0.025710965,-0.028440653,-3.775599681
80.4107,3.4,0.6,2.4,0.021663415027876443,0.011568954870309829,-3.788828955
81.8337,3.5,0.61,2.42,0.028171219173917787,0.011454164506981957,-3.93378288
81.8645,3.5,0.61,2.42,0.033990181796006685,-0.011004464,-3.900155879
81.8964,3.5,0.61,2.42,0.021835735,-0.031080294,-3.954613616
81.9271,3.5,0.61,2.41,0.027966064,0.015745911831209655,-3.900101843
81.9565,3.5,0.61,2.43,0.027942367713694818,-0.030111435,-3.944318184
81.9853,3.5,0.61,2.41,0.029889974741974506,0.00988464,-3.879872519
82.0172,3.5,0.61,2.42,0.025905935,-0.031132908,-3.94773737
82.0466,3.5,0.61,2.43,0.028000255096190346,0.015724182378765477,-3.89337733
82.0786,3.5,0.61,2.42,0.025903313424620156,-0.017358066,-3.940973094
82.109,3.5,0.61,2.42,0.015796565839935175,0.00889172,-3.900532832
82.1405,3.5,0.61,2.42,0.029891893999532584,-0.012917541,-3.91720821
82.1695,3.5,0.61,2.42,0.029932146,0.007863581,-3.903482596
82.2005,3.5,0.61,2.41,0.027887747038285723,-0.014147957,-3.910447729
82.2295,3.5,0.61,2.45,0.019865687166367794,0.006797116,-3.913956538
82.2593,3.5,0.61,2.41,0.023861121,-0.014044651,-3.924082259
82.2882,3.5,0.63,2.42,0.021905892,0.019540532444235863,-3.913769839
82.317,3.5,0.61,2.42,0.025819111,-0.031204531,-3.937668961
82.345,3.5,0.61,2.4,0.029955860162475804,-0.02484635,-3.913961212
82.3739,3.5,0.61,2.42,0.024026335054104783,0.011223436149906871,-3.910321477
82.4026,3.5,0.61,2.42,0.025800064,-0.015508737,-3.900528807
82.4308,3.5,0.61,2.42,0.027901068,0.001908176,-3.893445776
82.4593,3.5,0.61,2.42,0.027914828186080855,-0.018921663,-3.907088292
82.4885,3.5,0.61,2.43,0.025978733759643588,0.019369655714466655,-3.906907242
82.5198,3.5,0.61,2.41,0.029955415170150025,-0.024606352,-3.923947907
82.5494,3.5,0.61,2.43,0.027829077661015642,0.011304787,-3.886640565
82.5782,3.5,0.61,2.41,0.025723841101150755,-0.031354532,-3.927559265
82.6088,3.5,0.61,2.42,0.031952028,0.022518522647525692,-3.876347535
82.6392,3.5,0.61,2.43,0.027946358566272676,-0.021142835,-3.920656737
82.6697,3.5,0.61,2.42,0.023951878,0.013453439474251289,-3.896891066
82.704,3.5,0.61,2.42,0.019793933839380027,-0.020991767,-3.920912783
84.1238,3.6,0.63,2.44,0.021927315705396383,-0.014034636,-4.042390996
84.1546,3.6,0.61,2.43,0.026134623201933126,0.006897442,-4.05223666
84.1861,3.6,0.61,2.46,0.025982450263641824,-0.014626073,-4.00856946
84.2176,3.6,0.61,2.46,0.032228686,0.022078480048336534,-4.045115705
84.2503,3.6,0.61,2.45,0.028082573,0.012491128120115448,-4.031894543
84.2832,3.6,0.61,2.43,0.030196533689895184,-0.014174999,-4.045458202
84.3155,3.6,0.63,2.44,0.026053056252756217,0.00437547,-4.042171325
84.3447,3.6,0.63,2.44,0.025971523102870257,-0.018818193,-4.04567992
84.3774,3.6,0.61,2.44,0.028227660802290007,0.003324289,-4.048699576
84.4084,3.6,0.63,2.43,0.021934532,-0.023312882,-4.052672526
84.4389,3.6,0.63,2.42,0.028213929380293788,0.014925195,-4.041856137
84.4708,3.6,0.61,2.44,0.02811777,0.019208794151228108,-4.018353383
84.4991,3.6,0.63,2.44,0.032181092,0.005474793,-4.038524303
84.5284,3.6,0.61,2.43,0.021944767108147196,-0.023711815,-4.028948131
84.556,3.6,0.63,2.43,0.030227629,0.009047046,-4.03515703
84.5866,3.6,0.63,2.44,0.028100337609471164,-0.022359506,-4.05575615
84.6217,3.6,0.63,2.43,0.036192681,0.012417057434129268,-4.021439048
84.652,3.6,0.63,2.43,0.030213719328056644,0.022562251113838756,-4.011454804
84.6841,3.6,0.61,2.43,0.028058345116198362,-0.022252747,-4.04900486
84.7126,3.6,0.61,2.44,0.030072737410522014,0.020595282587051927,-4.014880121
84.7424,3.6,0.63,2.44,0.024031970473319758,-0.028761146,-4.066014873
84.7734,3.6,0.61,2.44,0.025950817575112473,0.018334765,-4.01838073
84.804,3.6,0.61,2.44,0.030184369096322966,-0.03299043,-4.04900773
84.8354,3.6,0.61,2.43,0.028048576,0.007545692,-4.011700897
84.8639,3.6,0.61,2.44,0.030179014,-0.028056498,-4.062463736
84.8957,3.6,0.63,2.44,0.026169525664302404,0.004356413,-4.042046418
84.9253,3.6,0.61,2.43,0.026166105820442938,-0.016564702,-4.049061168
84.9552,3.6,0.63,2.44,0.028166756373308885,0.012681014978400533,-4.041949302
84.9872,3.6,0.63,2.44,0.027994394,-0.013376803,-4.00847491
85.0154,3.6,0.63,2.45,0.024042167,0.002954367,-4.021941697
86.424,3.7,0.63,2.44,0.024257679,-0.004402757,-4.194133814
86.4535,3.7,0.63,2.47,0.032305775,-0.021559813,-4.157037947
86.4825,3.7,0.63,2.47,0.034344669,0.014884351,-4.170164598
86.5132,3.7,0.63,2.45,0.026231901798343008,-0.032206548,-4.153966095
86.5435,3.7,0.63,2.44,0.022298228,0.012329910668003196,-4.167105264
86.5727,3.7,0.63,2.45,0.022104874,-0.024702083,-4.16752334
86.605,3.7,0.63,2.47,0.022277115237789826,-0.015187832,-4.1977371
86.6346,3.7,0.63,2.45,0.032347812,-0.017135044,-4.143506854
86.6662,3.7,0.63,2.46,0.022188965627208207,-0.033471369,-4.197812031
86.6948,3.7,0.63,2.46,0.03426853,0.002731041,-4.133159951
86.7228,3.7,0.63,2.47,0.028304663,0.020999451777943618,-4.17361556
86.7516,3.7,0.63,2.44,0.022133208257294666,-0.017905342,-4.153947887
86.7817,3.7,0.63,2.45,0.030300070419576428,-0.003920532,-4.166990185
86.8134,3.7,0.63,2.45,0.028186974755559334,-0.028036955,-4.180834927
86.8427,3.7,0.63,2.45,0.032430385,0.008939651,-4.163451029
86.875,3.7,0.63,2.45,0.030369638033249942,-0.015952223,-4.146887812
86.9041,3.7,0.63,2.46,0.026186514,0.010141372550887274,-4.156909701
86.9355,3.7,0.63,2.45,0.036455526,0.00619531,-4.136350425
86.9659,3.7,0.63,2.44,0.022156051,-0.019665371,-4.194344753
86.997,3.7,0.63,2.45,0.032351376653404214,0.022543459820004594,-4.139776963
87.0278,3.7,0.63,2.47,0.024214433693126182,-0.032679771,-4.180903054
87.0593,3.7,0.63,2.46,0.024290104835611184,0.008775118,-4.163768668
87.089,3.7,0.63,2.48,0.022187273,-0.024969171,-4.160688092
87.1214,3.7,0.63,2.46,0.032344895,0.004194429,-4.156788984
87.1539,3.7,0.63,2.44,0.024102966148494706,-0.028395475,-4.157324719
87.1828,3.7,0.63,2.45,0.030422174,0.00343804,-4.1938353
87.2156,3.7,0.63,2.46,0.026289904532437486,-0.006473338,-4.146917038
87.2478,3.7,0.63,2.47,0.026142073073089602,-0.031350628,-4.184188599
87.2771,3.7,0.63,2.44,0.032351623468707985,0.027374510499860498,-4.136377594
87.309,3.7,0.63,2.45,0.028213935,-0.0325409,-4.190910344
88.7301,3.8,0.64,2.48,0.026325009865510562,-0.027924857,-4.31258465
88.7592,3.8,0.63,2.46,0.032473095253700866,-0.004402646,-4.254828798
88.788,3.8,0.63,2.48,0.028567411270755592,0.017261287267926625,-4.301986016
88.8149,3.8,0.64,2.47,0.030541667720629672,-0.014400867,-4.292087713
88.8454,3.8,0.63,2.46,0.034667060376933456,0.001765654,-4.288395658
88.8747,3.8,0.63,2.47,0.028471218,-0.022685481,-4.295619861
88.9067,3.8,0.64,2.47,0.034527384,0.004354021,-4.288428262
88.9343,3.8,0.64,2.47,0.020243915,-0.01785059,-4.292456417
88.9637,3.8,0.64,2.49,0.028481869,0.002717849,-4.271805181
88.9934,3.8,0.63,2.47,0.032389254,-0.022181595,-4.305573075
89.0256,3.8,0.63,2.46,0.022413431306950553,0.004519792,-4.302290677
89.0546,3.8,0.64,2.48,0.030484646732538347,-0.018795176,-4.308991385
89.0833,3.8,0.63,2.46,0.028458710537985425,0.009714804,-4.271761328
89.1154,3.8,0.64,2.47,0.028460176287827314,-0.018114067,-4.275282541
89.1452,3.8,0.64,2.48,0.032546391028371396,0.007569406,-4.274936782
89.1775,3.8,0.64,2.46,0.030523849,-0.026098306,-4.305669314
89.2058,3.8,0.64,2.47,0.022467617656554025,-0.002813797,-4.295596029
89.2342,3.8,0.64,2.47,0.024391634496167477,-0.02270529,-4.28901331
89.2633,3.8,0.64,2.47,0.030556197,0.008694185,-4.285152126
89.2946,3.8,0.63,2.47,0.028447982,-0.010887238,-4.28872848
89.3245,3.8,0.63,2.47,0.028557931592893836,0.00285912,-4.285266812
89.3535,3.8,0.63,2.48,0.030401749790230748,-0.028086307,-4.302294538
89.382,3.8,0.64,2.47,0.030425814,0.02233233,-4.241243974
89.4106,3.8,0.63,2.47,0.024461989677717108,-0.008430915,-4.305683711
89.4391,3.8,0.64,2.46,0.024292418315097795,-0.027292363,-4.282282678
89.469,3.8,0.63,2.47,0.032663411,0.010093455776268221,-4.295167272
89.4992,3.8,0.64,2.47,0.028362294966075972,-0.027374739,-4.271958273
89.529,3.8,0.64,2.47,0.026506287435724862,0.016168088929145424,-4.291846824
89.559,3.8,0.64,2.48,0.028321685443073147,-0.027513933,-4.268661798
89.5907,3.8,0.63,2.48,0.026509362908963194,-0.00939339,-4.315730091
91.0122,3.9,0.64,2.48,0.034692343,0.017127686,-4.409936005
91.0411,3.9,0.64,2.5,0.030636150234828085,-0.015631817,-4.41035991
91.0735,3.9,0.64,2.49,0.028732549102796337,0.011307324629226501,-4.42365706
91.1024,3.9,0.64,2.48,0.024475331,-0.026080415,-4.410654503
91.1309,3.9,0.64,2.48,0.026609021064713738,0.003169355,-4.420382981
91.1614,3.9,0.64,2.47,0.028554561711817177,-0.016861435,-4.407013818
91.1924,3.9,0.64,2.48,0.030813441,0.002575319,-4.416918878
91.2251,3.9,0.64,2.48,0.026667474002324255,0.000406483,-4.393426593
91.2537,3.9,0.64,2.47,0.026875144,0.007708989,-4.433781282
91.282,3.9,0.64,2.49,0.032628985,-0.016874859,-4.400158215
91.3117,3.9,0.64,2.49,0.026727444,0.007765158,-4.423761678
91.3434,3.9,0.64,2.5,0.026629771,-0.029452075,-4.427399787
91.3729,3.9,0.64,2.51,0.03486355,0.012318147,-4.423471847
91.4041,3.9,0.64,2.5,0.030702733,-0.029892712,-4.407102336
91.4332,3.9,0.64,2.5,0.02679513,0.014573402138526466,-4.416923864
91.4619,3.9,0.64,2.49,0.022398207,-0.010997037,-4.397154834
91.4914,3.9,0.64,2.49,0.032687417,0.011671218,-4.42689941
91.5236,3.9,0.64,2.49,0.026477646,-0.029734618,-4.400476526
91.5519,3.9,0.64,2.49,0.028597981,0.004130708,-4.413633027
91.5819,3.9,0.64,2.5,0.024540076,-0.016969847,-4.400379107
91.6091,3.9,0.64,2.5,0.028669986,0.008494559,-4.393356777
91.6396,3.9,0.64,2.48,0.028613096208473486,-0.019055023,-4.410375298
91.6723,3.9,0.64,2.48,0.032760442,-0.000214931,-4.43368705
91.7035,3.9,0.64,2.5,0.026658278930816005,-0.029940206,-4.407212782
91.7328,3.9,0.64,2.47,0.032693875,0.010993099,-4.393167677
91.7625,3.9,0.64,2.48,0.028608994876745664,-0.019363972,-4.3969198
91.796,3.9,0.64,2.5,0.024583853,-0.016619631,-4.424020404
91.8315,3.9,0.64,2.48,0.032630112,0.006408104,-4.396602201
91.8633,3.9,0.64,2.49,0.026753195605282346,-0.020591033,-4.407075242
91.8926,3.9,0.64,2.48,0.026732677595373906,0.003100986,-4.423740526
93.2767,4,0.65,2.5,0.024809832,0.014783631474434136,-4.548764201
93.3047,4,0.65,2.49,0.032928468,-0.018269434,-4.535276887
93.3342,4,0.64,2.49,0.028934073983452616,0.005453367,-4.548603935
93.3635,4,0.65,2.51,0.032842780110280134,-0.017943607,-4.535202167
93.3947,4,0.64,2.51,0.026962816317181726,-0.000457997,-4.558842488
93.4242,4,0.64,2.52,0.0288773,-0.010923219,-4.545412749
93.4536,4,0.64,2.5,0.024813581,0.007478425,-4.535276975
93.4858,4,0.64,2.49,0.026903223,-0.01480202,-4.538778866
93.515,4,0.64,2.51,0.034868295951089825,0.004088964,-4.535037129
93.5457,4,0.65,2.51,0.032792444,-0.020502691,-4.535281344
93.575,4,0.64,2.49,0.030951653,-0.002733061,-4.55878392
93.6051,4,0.64,2.51,0.026691909651972313,-0.012016214,-4.542253495
93.6372,4,0.64,2.52,0.02893538,0.010008702292106436,-4.545211221
93.6674,4,0.65,2.51,0.024668479146559768,-0.025267399,-4.515301934
93.6993,4,0.65,2.52,0.030768049653490854,0.009003784,-4.541811003
93.7277,4,0.64,2.51,0.030877147951145205,-0.02174403,-4.528609571
93.7569,4,0.65,2.51,0.026882778068193815,0.004192593,-4.541960845
93.7888,4,0.65,2.51,0.030783715861972767,-0.028452168,-4.542213185
93.8183,4,0.65,2.5,0.033023109,0.012290949238225064,-4.548435125
93.8504,4,0.64,2.51,0.034950739,0.008353404,-4.507919498
93.879,4,0.65,2.5,0.028852830538213976,0.019774484,-4.558682246
93.9084,4,0.64,2.51,0.028881523,-0.027697358,-4.528737906
93.9407,4,0.65,2.5,0.022819551673690378,-0.021306846,-4.569292842
93.9696,4,0.64,2.51,0.030765588186536477,-0.026418907,-4.525265167
94.0028,4,0.65,2.48,0.032814475,-0.033969281,-4.555576698
94.0344,4,0.64,2.51,0.030819595203730114,0.001788459,-4.535102705
94.0627,4,0.64,2.51,0.030851512141340284,-0.030303574,-4.572492316
94.0931,4,0.64,2.49,0.026759064,0.02271883,-4.525005145
94.1251,4,0.65,2.52,0.026817588,-0.021491305,-4.545527449
94.1557,4,0.64,2.51,0.028780367,0.005013372,-4.521673679
