1.4105,0,1,2.06,0.000821745,0.002124,0.012436039814285722
1.4384,0,1,2.08,0.006932098,0.021829914016927347,0.026322290828104996
1.4671,0,1,2.07,0.006841393,-0.012683288,-0.007692211
1.4955,0,1,2.06,0.013126585664045424,0.031823615,0.033341738797350175
1.5241,0,1,2.07,0.006971652,0.022140941,0.002701635
1.5525,0,1,2.07,0.010936082238234678,-0.012963698,0.002508672
1.5828,0,1,2.07,0.007009316,0.036025214373068964,0.009617597
1.6155,0,1,2.07,0.007079919,0.021503985391637816,0.029737541631311225
1.6437,0,1,2.07,0.007145446,0.02422825,-0.004024553
1.6721,0,1,2.07,0.009055616,-0.012048662,0.005887383
1.7007,0,1,2.08,0.011060488896465246,0.017236243926544072,0.012978607
1.7294,0,0.99,2.05,0.009050111,0.002383964,-0.014204401
1.7593,0,1,2.07,0.002980049,0.019433456706135242,0.012692203010703413
1.7898,0,1,2.06,0.010973949004517048,0.001220098,-0.007458381
1.8196,0,1,2.07,0.006823382,0.017336296017811358,0.012770030318589013
1.8473,0,0.99,2.08,0.009015064,-0.013832395,-0.021109787
1.8771,0,1,2.07,0.011057935420997346,0.037756436865664024,0.040001043877470444
1.9049,0,1,2.08,-0.003107145,0.009543916,-0.017933389
1.936,0,0.99,2.07,0.012911025737142959,0.032356410151090004,0.029911976502495205
1.9675,0,0.99,2.07,0.010985039629921306,-0.010262544,-0.014288172
1.9963,0,1,2.08,0.013042527638018825,0.036734539,0.033361013
2.0245,0,1,2.06,0.00915445,0.027779843526102153,-0.000492419
2.0533,0,1,2.06,0.006973219,-0.008275396,-0.007691335
2.0824,0,1,2.08,-0.00124353,0.024446408,0.005827714
2.1105,0,1,2.07,0.013136752056576752,-0.002642467,0.006072916
2.139,0,1,2.08,0.008941202,0.022794042,0.02298267
2.1677,0,1,2.08,0.008895727,-0.01620842,-0.004313805
2.1971,0,1,2.07,0.011045446653329212,0.03572457,0.023204186119001442
2.2251,0,1,2.07,0.006956595,0.026868805071916572,-0.014154249
2.2547,0,1,2.08,0.002858207,-0.00608346,0.009056147
3.6379,0.1,1,2.06,0.005046599,-0.009041212,-0.048165169
3.6695,0.1,1,2.06,0.007031892,-0.017018697,-0.068524824
3.7002,0.1,1,2.08,0.005074842,0.036885085,-0.007417624
3.7291,0.1,1,2.06,0.006965106,-0.003057324,-0.054899383
3.7597,0.1,1,2.07,0.007187395,0.019589962362126016,-0.031058227
3.7907,0.1,1,2.06,0.00506732,-0.015620381,-0.065078389
3.8178,0.1,1,2.05,0.008973346,-0.006784646,-0.031314188
3.8465,0.1,1,2.08,0.00725418,0.022441916769469255,-0.061379156
3.8771,0.1,1,2.06,0.000889995,-0.011514043,-0.034962087
3.9087,0.1,0.99,2.07,0.005137612,0.028554617028452706,-0.061375778
3.938,0.1,1,2.06,0.004905762,-0.009064118,-0.038179858
3.9677,0.1,1,2.08,0.003061673,0.031649763,-0.041222759
3.9993,0.1,1,2.06,0.009070551,0.011645434575802029,-0.020943057
4.0275,0.1,1,2.07,0.007110055,0.022477749483839553,-0.044483876
4.057,0.1,1,2.07,0.009176664,-0.004518257,-0.041281914
4.0876,0.1,1,2.06,0.009131653,0.030844315020110983,-0.05449698
4.118,0.1,1,2.08,0.004937216,-0.006484002,-0.044900776
4.147,0.1,1,2.08,0.011105551638701108,0.019824088790155125,-0.027576587
4.175,0.1,1,2.07,0.004907015,0.002506328,-0.02796384
4.2041,0.1,1,2.08,0.007160343,0.015134734351395653,-0.041216743
4.233,0.1,1,2.07,0.011021657424072165,-0.007753076,-0.054802078
4.266,0.1,1,2.08,0.009109806,0.014140521424244126,-0.041139778
4.2977,0.1,1,2.05,0.004904428,-0.00439052,-0.034773494
4.3275,0.1,1,2.06,0.007154988,0.020068666474656098,-0.05467275
4.3591,0.1,1,2.07,0.014927664902793101,-0.01257392,-0.027788506
4.3882,0.1,1,2.06,0.011121396976365624,0.024588962712403406,-0.030797989
4.4168,0.1,1,2.06,0.009022028,0.000314392,-0.044711322
4.4463,0.1,1,2.08,0.011145106036893327,0.020135115307064966,-0.051197243
4.4773,0.1,1,2.07,0.003007845,0.001528097,-0.048244013
4.5687,0.1,1,2.08,0.005102033,0.023451728681072884,-0.041175136
5.9766,0.2,1,2.07,0.007199155,-0.009555862,-0.122466055
6.0066,0.2,1,2.06,0.011164045672190558,0.029808416,-0.088246774
6.0374,0.2,1,2.07,0.007015771,-0.00057236,-0.078599201
6.068,0.2,1,2.07,0.007243698,0.018009799,-0.088502923
6.1001,0.2,1,2.06,0.001000083,-0.004317396,-0.088972426
6.1283,0.2,1,2.07,0.007123964,0.020301417,-0.081742087
6.1574,0.2,1,2.06,0.005187105,0.00322509,-0.108913997
6.1871,0.2,0.99,2.07,0.007310005,0.024960114,-0.098541128
6.2195,0.2,1,2.07,0.005177597,-0.001948143,-0.085395714
6.2507,0.2,0.99,2.07,0.005111996,0.016838324741093036,-0.081812412
6.281,0.2,1,2.08,0.005115115,-0.004191626,-0.085413298
6.3094,0.2,1,2.07,0.00926369,0.024005089566104008,-0.098484807
6.3382,0.2,1,2.07,0.013162969234265935,-0.003995835,-0.091882627
6.3668,0.2,1,2.07,0.003193734,0.02702436,-0.085234811
6.3982,0.2,1,2.08,0.009113282,0.000620843,-0.092014225
6.4277,0.2,1,2.07,0.00319653,0.022777973834525456,-0.102083025
6.4582,0.2,1,2.07,0.005127241,-0.001350479,-0.108921006
6.4896,0.2,1,2.06,0.007302062,0.022997198152141872,-0.11880679
6.524,0.2,1,2.05,0.005163797,0.002907411,-0.098810433
6.5548,0.2,1,2.08,0.005074292,-0.013020233,-0.115785612
6.584,0.2,1,2.07,0.009149761,0.009680022,-0.075056122
6.612,0.2,1,2.08,0.009202515,0.026316941789132162,-0.095109677
6.642,0.2,1,2.08,0.003013285,-0.002940436,-0.085436711
6.6734,0.2,1,2.07,0.007205434,0.025306972896854095,-0.105266504
6.7023,0.2,1,2.07,0.009048054,-0.004287482,-0.061676065
6.7304,0.2,1,2.07,0.009123743,0.019548582919677156,-0.101892555
6.7612,0.2,1,2.07,0.007052408,0.004254813,-0.098806497
6.7913,0.2,1,2.09,0.005136513,0.024194921,-0.101982342
6.8224,0.2,1,2.07,0.007125604,-0.014812325,-0.078651752
6.8537,0.2,1,2.08,0.003173347,0.027561105978806906,-0.102014946
8.277,0.3,1,2.06,0.011407704,0.025895644747805067,-0.186203485
8.3082,0.3,1,2.08,0.007315643,0.032233859896294896,-0.145841988
8.3365,0.3,1,2.07,0.005264636,0.020399134855061594,-0.193174636
8.3656,0.3,1,2.07,0.009182672,-0.012723633,-0.169736876
8.3942,0.3,1,2.07,0.009430986,0.022135107192678402,-0.179555951
8.4231,0.3,1,2.07,0.005323001,-0.00824012,-0.190087527
8.4558,0.3,1,2.07,0.017393123538320267,0.031885659,-0.179151482
8.4866,0.3,1,2.09,0.005088375,-0.00566811,-0.163127759
8.5173,0.3,1,2.09,0.003282361,0.021273007,-0.183100094
8.5489,0.3,1,2.07,0.00524277,0.038127492827047936,-0.139162038
8.5778,0.3,1,2.07,0.005290464,0.004054983,-0.200031217
8.6081,0.3,1,2.08,0.013516268315930132,0.019568452,-0.155848045
8.6397,0.3,1,2.08,0.009226546,-0.014857001,-0.179919095
8.6688,0.3,1,2.07,0.003248335,0.025556504377187296,-0.156107368
8.6967,0.3,1,2.09,0.00736355,0.023664090680192068,-0.189737865
8.7251,0.3,1,2.08,0.007191091,8.985558528373669e-05,-0.169722553
8.755,0.3,1,2.07,0.007298196,0.030468282265669843,-0.166059707
8.7873,0.3,1,2.08,0.007378863,-0.00459269,-0.179892812
8.8159,0.3,1,2.07,0.011460705462939794,0.030550288127281826,-0.186162183
8.8449,0.3,1,2.08,0.003239018,-0.004520424,-0.183328416
8.8734,0.3,1,2.07,0.015460008718027865,0.018946881,-0.186061311
8.902,0.3,1,2.07,0.009303494,-0.007706573,-0.199998932
8.9296,0.3,1,2.07,0.013353105133814984,0.040566767,-0.145613783
8.959,0.3,1,2.09,0.001171635,-0.010006552,-0.200333633
8.9885,0.3,1,2.07,0.009299403,0.017187696,-0.152687117
9.0201,0.3,1,2.08,0.005225371,-0.024112497,-0.190138744
9.0492,0.3,1,2.07,0.009277526,0.026526162782704067,-0.149226324
9.0789,0.3,1,2.07,0.007366224,0.002874138,-0.203325446
9.111,0.3,1,2.08,0.003169829,0.037275775,-0.152740248
9.1407,0.3,1,2.06,0.00514808,-0.016797065,-0.203612843
10.5524,0.4,1,2.07,0.009598201,0.036509169,-0.247004712
10.5801,0.4,1,2.07,0.001387749,0.025526532004173447,-0.270981081
10.6092,0.4,1,2.09,0.00536978,-0.011940652,-0.26779089
10.6374,0.4,1,2.07,0.009613422,0.016106542964925336,-0.274089081
10.6662,0.4,1,2.07,0.00539303,0.006834894,-0.264296297
10.696,0.4,1,2.08,0.007416645,0.017237495,-0.267450956
10.7235,0.4,1,2.06,0.005444605,-0.009609364,-0.264387077
10.76,0.4,1,2.07,0.005402355,0.025365184,-0.264180938
10.7902,0.4,1,2.07,0.009404551,-0.00978152,-0.250773712
10.8198,0.4,1,2.07,0.005483772,0.03738585,-0.28088205
10.8499,0.4,1,2.06,0.007457787,-0.01055011,-0.281157972
10.8794,0.4,1,2.08,0.005532377,0.032472849,-0.270736167
10.9084,0.4,1,2.07,0.003356501,-0.008516323,-0.264479076
10.9374,0.4,1,2.07,0.003405101,0.014826758847671267,-0.264253828
10.9665,0.4,1,2.07,0.003425995,0.000962719,-0.274555496
10.9948,0.4,0.99,2.06,0.007340854,0.024141096369370244,-0.25061418
11.0234,0.4,1,2.07,0.005413533,-0.013804259,-0.291407964
11.0529,0.4,1,2.06,0.007535795,0.033074458513141294,-0.240282459
11.0844,0.4,1,2.06,0.007393995,-0.005906172,-0.277793418
11.1145,0.4,1,2.08,0.005478162,0.032222044,-0.25393625
11.1454,0.4,1,2.07,0.003417526,-0.001329482,-0.274489982
11.174,0.4,1,2.09,0.009481683,0.032100581,-0.24708117
11.2042,0.4,1,2.08,0.007477196,-0.010241858,-0.294689052
11.2352,0.4,1,2.08,0.007370523,0.026264238426521914,-0.240445088
11.2679,0.4,1,2.08,0.005391627,0.004763142,-0.281148092
11.2982,0.4,1,2.08,0.007566154,0.019852123397242724,-0.294384795
11.3261,0.4,1,2.08,0.015543575942277774,-0.006238499,-0.260640707
11.356,0.4,1,2.07,0.009525165,0.023192100766527585,-0.274073388
11.3874,0.4,1,2.06,0.003463741,-0.001397052,-0.281261916
11.4163,0.4,1,2.07,0.007452466,0.021800862483591768,-0.260781888
12.818,0.5,1,2.08,0.011707616928860888,0.027313937921729543,-0.355112422
12.8463,0.5,1,2.1,0.005534788,-0.006078215,-0.37579111
12.8752,0.5,1,2.08,0.00772413,0.036097826,-0.334940129
12.907,0.5,1,2.09,0.003557997,-0.005141347,-0.382626882
12.9364,0.5,1,2.07,0.00974863,0.026187783146225496,-0.375448054
12.9653,0.5,1,2.07,0.003601552,-0.018747233,-0.396135795
12.994,0.5,1,2.07,0.005552587,-0.013511808,-0.36582063
13.0282,0.5,1,2.08,0.00354309,-0.021251049,-0.379291008
13.0589,0.5,1,2.07,-0.000402361,0.022687847041214394,-0.372394852
13.0868,0.5,1,2.08,0.005546909,-0.008607639,-0.375828477
13.1165,0.5,1,2.08,0.00752711,0.03426212,-0.348428246
13.1439,0.5,1,2.08,0.005677128,0.010242305213650348,-0.392491868
13.1736,0.5,1,2.07,0.011684492612477643,-0.003174124,-0.351947013
13.2031,0.5,1,2.09,-0.000411894,0.032114119,-0.36554783
13.2352,0.5,1,2.07,0.009626024,0.037527076,-0.344991475
13.2648,0.5,1,2.07,0.007701285,0.034734652,-0.388896239
13.2976,0.5,1,2.06,0.005554817,0.030840294,-0.358684371
13.328,0.5,1,2.07,0.007716304,-0.002780824,-0.382402105
13.3584,0.5,1,2.09,0.005576519,0.028786698,-0.368756715
13.3872,0.5,1,2.09,0.005552413,-0.006226937,-0.372432181
13.4186,0.5,1,2.08,0.005647296,0.023793925061334112,-0.358720708
13.449,0.5,1,2.06,0.007637827,-0.000290487,-0.385834064
13.4811,0.5,1,2.08,0.005704451,0.021742406482105382,-0.378958209
13.5101,0.5,1.02,2.07,0.009441728,0.000537743,-0.355444194
13.5423,0.5,1,2.09,0.005654091,0.033782827,-0.395708647
13.5705,0.5,1,2.07,0.007601184,0.006325096,-0.358851914
13.6011,0.5,1,2.07,0.013733195492544804,0.019445885438228883,-0.375320392
13.6329,0.5,1,2.09,0.003490055,-0.005234003,-0.365758379
13.6611,0.5,1,2.07,0.005598149,0.014617180052397288,-0.375616878
13.6898,0.5,1,2.05,0.003518568,-0.000351562,-0.369041713
15.1024,0.6,1.02,2.08,0.007822448,0.016688195501511526,-0.476817831
15.1316,0.6,1,2.07,0.007734724,-0.004153045,-0.487212679
15.1589,0.6,1,2.08,0.007759986,0.028101291393657583,-0.470084788
15.1898,0.6,1,2.08,0.005646924,-0.016686821,-0.497503465
15.2204,0.6,1,2.07,0.005699239,0.020022744277261507,-0.470217059
15.2504,0.6,1,2.07,0.013807344197367916,-0.005076757,-0.500500549
15.2784,0.6,1,2.08,0.009784298,0.031652188176645966,-0.466628235
15.3086,0.6,1,2.06,0.003761132,-0.020066786,-0.51437984
15.3403,0.6,1,2.06,0.00766788,0.028266194635711984,-0.45998908
15.3696,0.6,1,2.07,0.011828014411451412,-0.017947964,-0.500638444
15.4009,0.6,1,2.08,0.007874168,0.019001326360153236,-0.480193469
15.4312,0.6,1,2.09,0.001655442,-0.002850737,-0.49077353
15.4619,0.6,1,2.07,0.007666777,0.024010381988661022,-0.48026481
15.4916,0.6,1,2.07,0.001666204,-0.002920385,-0.487380308
15.5211,0.6,1,2.07,0.009787191,0.024922219288604185,-0.470017368
15.5495,0.6,1,2.07,0.003637597,-0.020268176,-0.497587439
15.5782,0.6,1,2.06,0.009784124,0.022123732,-0.456544299
15.6099,0.6,1,2.08,0.005702489,-0.007349152,-0.490628284
15.6382,0.6,1,2.08,0.011886051501386292,0.035202286,-0.459757294
15.6678,0.6,1,2.08,0.003678096,0.005343996,-0.480462454
15.6971,0.6,1,2.07,0.009681367,-0.003114695,-0.470263275
15.725,0.6,1,2.07,0.007898458,0.023844577942383722,-0.483456159
15.7546,0.6,1,2.09,0.007662831,0.002759983,-0.466948387
15.7847,0.6,1,2.08,0.005852946,0.020462739356432065,-0.497147316
15.8147,0.6,1,2.08,0.007665524,-0.004373391,-0.47378534
15.8441,0.6,1,2.07,0.001654911,0.025076061419820148,-0.48036299
15.8748,0.6,1,2.07,0.009710025,0.003711808,-0.460135979
15.9068,0.6,1,2.08,0.003831169,0.030823801210609496,-0.486970911
15.9401,0.6,1,2.08,0.007664911,0.039797452,-0.449752418
15.9713,0.6,1,2.07,0.009752172,-0.000523074,-0.483721833
17.3924,0.7,1,2.08,0.005806452,-0.010991262,-0.608924206
17.4215,0.7,1,2.08,0.012027731063040548,0.038429339,-0.577960559
17.453,0.7,1,2.07,0.009846752,-0.004237607,-0.588534958
17.4827,0.7,1,2.09,0.003899973,0.036438309,-0.591750759
17.5116,0.7,1,2.07,-0.00435266,-0.014539814,-0.609277876
17.5397,0.7,1.02,2.1,0.003939359,-0.001035204,-0.595366843
17.5688,0.7,1.02,2.07,0.007869579,0.031940693,-0.5950199
17.6007,0.7,1,2.08,0.007855877,0.017499337737434346,-0.578280052
17.6301,0.7,1,2.07,0.009870543,0.019199627027190018,-0.608517021
17.6588,0.7,1,2.08,0.005835918,-0.009167643,-0.5818721
17.6871,0.7,1,2.07,0.008014841,0.015488983502395788,-0.605213383
17.7167,0.7,1,2.07,-0.0003236,-0.00361815,-0.571999126
17.7487,0.7,1,2.07,0.012099576066136902,0.027088665134451097,-0.5981764
17.7794,0.7,1,2.06,0.009850375,0.000169703,-0.581707733
17.8122,0.7,1,2.08,0.003857976,-0.016914233,-0.60893515
17.8417,0.7,1,2.07,0.0059483,0.032417013,-0.571461699
17.872,0.7,1,2.07,0.003875504,-0.014579372,-0.619035301
17.9014,0.7,1,2.08,0.008037739,0.026650373,-0.574776064
17.9326,0.7,1,2.07,0.005866074,-0.0226895,-0.61909142
17.9611,0.7,1,2.08,0.01182407,0.005663281,-0.554599813
17.9905,0.7,1,2.06,0.009967216,0.021421380472765497,-0.601774923
18.0192,0.7,1.02,2.08,0.009804266,-0.013792949,-0.588582407
18.0479,0.7,1.02,2.08,0.003936539,0.017810687,-0.595189892
18.0768,0.7,1,2.08,0.00371844,-0.000939048,-0.588782272
18.1085,0.7,1,2.08,0.007944457,0.027256869474586436,-0.598439392
18.1377,0.7,1,2.08,0.009878964,0.000250855,-0.591838596
18.1658,0.7,1,2.08,-0.000262778,0.020082496619286606,-0.581822505
18.1955,0.7,1,2.07,0.007985124,-0.007875131,-0.598638537
18.2282,0.7,1,2.08,0.005955371,0.021194705101222677,-0.595153861
18.2581,0.7,1,2.07,0.009791816,0.000149469,-0.578322027
19.6788,0.8,1.02,2.08,0.003942945,0.004937668,-0.713609707
19.7103,0.8,1.02,2.08,0.010144373257329952,0.015525459949121594,-0.716611588
19.7397,0.8,1.02,2.1,0.005880137,-0.000841755,-0.703435664
19.7686,0.8,1.02,2.08,0.003987201,0.011697994,-0.710103182
19.8007,0.8,1.02,2.07,0.004070553,-0.002136386,-0.72036304
19.8316,0.8,1,2.07,0.008175853,0.023825576657223697,-0.730100199
19.863,0.8,1.02,2.1,0.003830553,-0.013761476,-0.710470401
19.8954,0.8,1.02,2.07,0.004005189,-0.020535412,-0.730541198
19.9242,0.8,1.02,2.07,0.010072257393044617,0.01982126,-0.699770891
19.9561,0.8,1,2.07,0.005986477,-0.014492101,-0.74068176
19.9863,0.8,1.02,2.08,0.002025559,0.033679498,-0.696544624
20.0182,0.8,1.02,2.07,0.008029343,0.000450757,-0.7202021
20.0475,0.8,1.02,2.09,0.002089554,0.029335082026092456,-0.716792193
20.0796,0.8,1.02,2.09,0.010179826660260424,-0.00128579,-0.710081256
20.112,0.8,1.02,2.08,0.000138761,0.023560137243135028,-0.720237647
20.1408,0.8,1.02,2.08,0.004024362,0.000145007,-0.713615331
20.1695,0.8,1,2.1,0.002006981,0.020073713778101902,-0.713543506
20.1969,0.8,1.02,2.08,0.007941242,-0.013405135,-0.720325484
20.2271,0.8,1.02,2.06,0.008087515,0.030341851784073413,-0.699766636
20.2558,0.8,1.02,2.06,0.004012376,-0.020584725,-0.734023651
20.2885,0.8,1.02,2.09,0.003983573,0.018733440453484372,-0.710155554
20.3183,0.8,1.02,2.08,0.012141512,-0.001922438,-0.720052918
20.3496,0.8,1.02,2.08,0.002066324,0.012877241708572759,-0.699980176
20.3789,0.8,1.02,2.07,0.003889996,-0.006732087,-0.720474312
20.4108,0.8,1.02,2.06,0.006162603,0.018020971578271087,-0.733587463
20.4404,0.8,1.02,2.08,0.006033786,0.00124278,-0.700072277
20.4711,0.8,1,2.08,0.003984831,0.01886113,-0.706714389
20.5013,0.8,1.02,2.08,0.004002635,-1.52E-05,-0.703518762
20.5322,0.8,1,2.08,0.012271577164216355,0.021055628115123903,-0.719881745
20.5633,0.8,1.02,2.09,0.003997436,-0.016022737,-0.717113845
21.9854,0.9,1,2.09,0.006225961,-0.014016416,-0.838666276
22.0165,0.9,1,2.06,0.002238431,0.00962731,-0.852027616
22.0458,0.9,1.02,2.08,0.004110728,-0.012577314,-0.842069261
22.0773,0.9,1.02,2.06,0.008141556,0.00185419,-0.865457471
22.1072,0.9,1.02,2.08,0.004147434,-0.001004791,-0.842018399
22.1374,0.9,1.02,2.09,0.010130468218871178,-0.001612102,-0.858659066
22.1683,0.9,1.02,2.09,0.004202665,0.031188627806409817,-0.818145351
22.1965,0.9,1.02,2.08,0.008267419,0.027110773,-0.844959045
22.2259,0.9,1.02,2.08,0.004222288,-0.007902437,-0.845413665
22.2579,0.9,1.02,2.08,0.002002585,-0.008703942,-0.86241378
22.2863,0.9,1.02,2.06,0.00404296,-0.003141514,-0.835284694
22.316,0.9,1.02,2.08,0.010314613677425971,0.028062598,-0.838146636
22.3477,0.9,1.02,2.07,0.010129976,0.025475654078335748,-0.804495801
22.3777,0.9,1.02,2.08,0.002196394,0.005202541,-0.86555871
22.4091,0.9,1.02,2.09,0.014345230861594284,0.036927891859711647,-0.800850656
22.4385,0.9,1.02,2.09,0.00814961,-0.021655873,-0.86561327
22.4657,0.9,1.02,2.09,0.004132576,-0.012686848,-0.838730976
22.4962,0.9,1.02,2.07,0.004315618,0.029545367,-0.855189763
22.5276,0.9,1.02,2.07,0.006331582,0.013720976,-0.821537355
22.5569,0.9,1.02,2.09,0.010284620867190005,0.025909693815566157,-0.844867568
22.5866,0.9,1.02,2.09,0.010273032160604564,-0.016301008,-0.838545254
22.6184,0.9,1.02,2.08,0.00410014,-0.00297921,-0.85554642
22.6457,0.9,1.02,2.09,0.006109439,-0.006982248,-0.83196788
22.6752,0.9,1.02,2.07,0.012250848084239006,0.019971425,-0.834837693
22.705,0.9,1.02,2.09,0.004029432,-0.008054414,-0.828628782
22.7372,0.9,1.02,2.08,0.008281146,0.026952624102175693,-0.845027632
22.7655,0.9,1.02,2.08,0.0041326,-0.010473025,-0.838755201
22.7954,0.9,1.02,2.08,0.008163172,0.027487394654410947,-0.85513258
22.8282,0.9,1.02,2.09,0.014268244036931941,0.01380318,-0.807828056
22.8601,0.9,1.02,2.08,0.004154331,-0.021755555,-0.855626624
24.2686,1,1.02,2.08,0.004224344,-0.009102129,-0.970472837
24.298,1,1.02,2.09,0.004445432,0.028586254417491998,-0.997061979
24.3276,1,1.02,2.08,0.002318079,-0.001071875,-0.967036623
24.3588,1,1.02,2.08,0.006425817,0.024472302,-0.959904417
24.3871,1,1.02,2.09,0.010447471012012415,-0.005938504,-0.960076722
24.4169,1,1.02,2.08,0.008539947,0.018777387952445712,-0.97677716
24.4455,1,1.02,2.08,0.008365074,-0.002165239,-0.973655439
24.4743,1,1.02,2.08,0.010384685,0.022258156972565044,-0.966591006
24.5066,1,1.02,2.09,0.008311923,0.002678812,-0.980332518
24.5358,1,1.02,2.08,0.010474300122743255,0.012712823275183686,-0.970037288
24.5678,1,1.02,2.08,0.00632291,-0.008080758,-0.963563681
24.5954,1,1.02,2.09,0.014487426670638778,0.015281011175675124,-0.97324141
24.6258,1,1.02,2.09,0.006293168,-0.005506495,-0.987216078
24.6585,1,1.02,2.07,-0.001682807,0.027187408105881765,-0.983825987
24.6872,1,1.02,2.09,0.008383981,2.7551286393466025e-05,-0.96687957
24.7184,1,1.02,2.08,0.010441864335025789,0.022420461,-0.986852732
24.749,1,1.02,2.09,0.002268018,-0.008028842,-0.970515509
24.7799,1,1.02,2.09,0.00842698,0.023473514717885103,-0.983509698
24.8105,1,1.02,2.09,0.006282504,-0.00792043,-0.97715022
24.8399,1,1.02,2.08,0.01041194,0.027012907459543246,-0.973315505
24.872,1,1.02,2.06,0.008384905,0.023010991354756743,-0.946440539
24.9034,1,1.02,2.09,0.006331316,-0.023976665,-0.990662206
24.9326,1,1.02,2.08,0.014638377359837725,0.035941677,-0.956266217
24.9616,1,1.02,2.09,0.008362239,0.00292019,-1.00055995
24.9895,1,1.02,2.09,0.006325725,-0.015483893,-0.956965779
25.0173,1,1.02,2.08,0.004471231,0.021471036314951942,-0.997119482
25.0488,1,1.02,2.09,0.004243251,-0.006909339,-0.963696968
25.0801,1,1.02,2.09,0.006553599,0.026926704695283202,-0.976741686
25.1095,1,1.02,2.08,0.008414893,-0.011482079,-0.980350776
25.1427,1,1.02,2.08,0.006303964,-0.026247832,-0.997396787
26.5618,1.1,1.02,2.09,0.012663652377726764,0.029606667647531906,-1.118406354
26.5923,1.1,1.02,2.08,0.006605092,-0.009296848,-1.105489449
26.624,1.1,1.02,2.1,-0.003562059,0.004488595,-1.156263348
26.6534,1.1,1.02,2.08,0.008538236,-0.005587003,-1.105378699
26.6852,1.1,1.02,2.08,0.002586722,-0.015590754,-1.152858282
26.7142,1.1,1.02,2.08,0.008668277,0.015177241,-1.105183301
26.7455,1.1,1.02,2.09,0.002598683,0.002925155,-1.132425737
26.7765,1.1,1.02,2.08,0.004570792,0.036517364614181105,-1.115231458
26.8088,1.1,1.02,2.09,0.012505224617186313,-0.007752533,-1.108658416
26.8382,1.1,1.02,2.09,0.010568932353512877,0.018796507,-1.098369203
26.8699,1.1,1.02,2.09,0.010653400668168493,0.003041872,-1.138929359
26.8993,1.1,1.02,2.08,0.008476635,0.010621425928232798,-1.105239636
26.932,1.1,1.02,2.09,0.012567705852089151,-0.00550905,-1.108640832
26.9635,1.1,1.02,2.1,0.010619219726488886,0.028266819109196824,-1.111797557
26.9928,1.1,1.02,2.09,0.008397128,-0.012654782,-1.098768532
27.0791,1.1,1.02,2.09,0.006671046,0.023665965770409296,-1.121975904
27.1221,1.1,1.02,2.08,0.006549368,0.002410817,-1.09189472
27.156,1.1,1.02,2.09,0.010535017203680672,-0.002392974,-1.091797938
27.1997,1.1,1.02,2.09,0.00860464,-0.001120271,-1.101957824
27.236,1.1,1.02,2.08,0.006507182,-0.009328586,-1.095366103
27.2704,1.1,1.02,2.09,0.006586035,-0.001990944,-1.118901095
27.3004,1.1,1.02,2.08,0.012614574189550304,0.010361946135634098,-1.098348878
27.3334,1.1,1.02,2.09,0.010681764046658916,-0.016203649,-1.115457495
27.3871,1.1,1.02,2.08,0.008584683,-0.014583985,-1.135832725
27.4205,1.1,1.02,2.09,0.002401523,0.018978033880756244,-1.101997828
27.4551,1.1,1.02,2.07,0.002399414,-0.008830502,-1.112394719
27.4909,1.1,1.02,2.07,0.006503041,-0.008798492,-1.125663329
27.5289,1.1,1.02,2.08,0.00653595,-0.011161734,-1.122355755
27.5654,1.1,1.02,2.09,0.002620202,0.014228615016798191,-1.118864439
27.6158,1.1,1.02,2.08,0.006633126,0.01649728,-1.105185547
29.1665,1.2,1.03,2.06,0.012724504341151086,-0.008758285,-1.26061269
29.1966,1.2,1.02,2.09,0.008733525,-0.013620067,-1.257494216
29.2251,1.2,1.03,2.1,0.008784616,0.019103445460752676,-1.263918395
29.2542,1.2,1.03,2.08,0.010814461206943788,-0.001007217,-1.247169137
29.2858,1.2,1.03,2.09,0.004899141,0.030806059,-1.263880709
29.3154,1.2,1.03,2.09,0.002719042,-0.010222302,-1.257602973
29.3492,1.2,1.03,2.09,0.000788694,-0.018178532,-1.274561937
29.3801,1.2,1.03,2.08,0.012849027248123892,0.032614652885035206,-1.229933047
29.4083,1.2,1.02,2.08,0.004703663,-0.003659806,-1.28773757
29.4383,1.2,1.03,2.09,0.010967607711357972,0.019775182854528416,-1.240194289
29.5758,1.2,1.03,2.09,0.002549442,-0.003041488,-1.24409835
30.065,1.2,1.02,2.07,0.008813158,-0.002056375,-1.257305319
30.1267,1.2,1.03,2.09,0.010811781177640364,-0.016863238,-1.274212724
30.1778,1.2,1.02,2.1,0.010868236577212155,0.036129559977166374,-1.233324581
30.2563,1.2,1.03,2.08,0.004805941,-0.001644817,-1.28447093
30.3215,1.2,1.03,2.09,0.010873793917358385,0.031495150321096024,-1.236751588
30.3647,1.2,1.03,2.08,0.008856761,-0.011234616,-1.270862682
30.4455,1.2,1.03,2.09,0.000455785,-0.008756794,-1.247538194
30.5766,1.2,1.03,2.08,0.012732717661215425,0.000249504,-1.236971885
30.6136,1.2,1.02,2.1,0.006785973,0.02025373,-1.253761617
30.6445,1.2,1.02,2.08,0.010769373173008676,0.022343316,-1.236841187
30.6881,1.2,1.02,2.08,0.010766640513079915,-0.003310922,-1.240365983
30.8268,1.2,1.02,2.08,0.010874873097957599,0.03353714,-1.216451634
30.8887,1.2,1.02,2.08,0.004642242,0.030570853161676317,-1.226799807
30.9451,1.2,1.02,2.08,0.012890942713442467,0.037309181976546264,-1.229836808
30.9818,1.2,1.02,2.08,0.012681196498310196,-0.007134676,-1.227008921
31.0192,1.2,1.03,2.06,0.004604718,-0.018015333,-1.260936306
31.0544,1.2,1.03,2.09,0.014946571950208867,0.013136166602032439,-1.256922003
31.1004,1.2,1.03,2.09,0.008739533,0.014197895003869263,-1.24366981
31.1387,1.2,1.03,2.1,0.008742739,-0.01770553,-1.284363418
32.5508,1.3,1.03,2.08,0.008905976,0.029612595,-1.378643634
32.5795,1.3,1.03,2.09,0.008959486,-0.01268671,-1.372293159
32.6078,1.3,1.03,2.08,0.004829342,0.015743823,-1.402580354
32.6366,1.3,1.02,2.08,0.000771664,-0.002843387,-1.406233674
32.6657,1.3,1.03,2.09,0.010920817029571494,0.024028013,-1.402269051
32.6942,1.3,1.02,2.07,0.007004305,-0.022762612,-1.409435208
32.726,1.3,1.02,2.08,0.011171594391914418,0.03253059,-1.364991519
32.7582,1.3,1.02,2.09,0.004874422,0.003939929,-1.385802617
32.7912,1.3,1.02,2.1,0.004920158,0.024784046481384058,-1.388987314
32.8235,1.3,1.02,2.09,0.009059326,0.033881190228835144,-1.371856313
32.8566,1.3,1.02,2.09,0.002954588,-0.008917,-1.402767727
32.8876,1.3,1.03,2.09,0.005050383,0.015377906759264119,-1.395730071
32.9222,1.3,1.02,2.09,0.006943116,0.002538636,-1.372179538
32.9548,1.3,1.03,2.09,0.002897867,-0.01549537,-1.423095334
32.9869,1.3,1.03,2.1,0.006897026,0.01904589,-1.388999071
33.02,1.3,1.03,2.09,0.000895147,-0.012440212,-1.399507283
33.0515,1.3,1.03,2.08,0.011033658678896828,0.031044402600335825,-1.402196515
33.0846,1.3,1.03,2.09,0.0089903,0.0431893,-1.368512911
33.1184,1.3,1.03,2.1,0.012989864491891732,-0.003385779,-1.382197723
33.1526,1.3,1.03,2.08,0.006919937,0.024031212,-1.409137781
33.1841,1.3,1.03,2.07,0.015073832908369863,0.032697247431503186,-1.371771782
33.2165,1.3,1.03,2.09,0.00491074,-0.002705416,-1.409336606
33.2474,1.3,1.03,2.09,0.006804146,0.014050458,-1.361971559
33.2817,1.3,1.03,2.1,0.006948779,-0.016125996,-1.389253153
33.314,1.3,1.03,2.11,0.000826005,-0.014305098,-1.416373589
33.3479,1.3,1.03,2.09,0.004906755,0.024971958,-1.392366887
33.3818,1.3,1.03,2.09,-0.001277213,-0.018178525,-1.389471847
33.4143,1.3,1.03,2.09,0.004859495,-0.014487479,-1.402773352
33.4459,1.3,1.03,2.08,0.002967851,0.025597,-1.372167616
33.4773,1.3,1.03,2.08,0.011055564537526662,-0.004336326,-1.395760899
34.8976,1.4,1.03,2.09,0.009123103,-0.003733221,-1.56127718
34.9271,1.4,1.03,2.08,0.005192536,0.025949355,-1.527441205
34.9589,1.4,1.03,2.09,0.001120173,0.005208544,-1.537891038
34.9867,1.4,1.03,2.1,0.003171111,0.027111245580907162,-1.527512037
35.0163,1.4,1.03,2.1,0.004992003,-0.022579965,-1.551482519
35.0485,1.4,1.03,2.1,0.011205084236444961,0.031593309,-1.517078216
35.0803,1.4,1.03,2.09,0.011209746279750566,-0.005253475,-1.547743332
35.1116,1.4,1.03,2.09,0.009240942,0.018991164350256398,-1.530726547
35.1433,1.4,1.03,2.09,0.007135517,-0.010207216,-1.527680775
35.1716,1.4,1.03,2.1,0.007281877,0.022666297983905924,-1.54421465
35.2012,1.4,1.02,2.1,0.00304374,-0.003000195,-1.534520162
35.2329,1.4,1.03,2.11,0.011254094610636624,0.027279352245347912,-1.540698362
35.262,1.4,1.03,2.1,0.005014901,-0.011418575,-1.521045201
35.2914,1.4,1.03,2.09,0.013251451340463263,0.023891438202290442,-1.533941245
35.3186,1.4,1.03,2.1,0.011194684871147612,-0.000421727,-1.544268382
35.3473,1.4,1.02,2.1,0.00315072,0.022277420556321106,-1.520821832
35.3792,1.4,1.03,2.09,0.007163933,-0.002841192,-1.544423189
35.4092,1.4,1.03,2.09,0.007253506,0.019831803,-1.507189852
35.4384,1.4,1.02,2.09,0.007130139,-0.007487106,-1.541112556
35.4668,1.4,1.03,2.11,0.007241012,0.029242692553787093,-1.517211856
35.4961,1.4,1.03,2.09,0.007178975,-0.021329519,-1.554648766
35.5278,1.4,1.03,2.08,0.003245892,0.024911004497372373,-1.544390608
35.557,1.4,1.03,2.09,0.004998789,-0.017857751,-1.544669283
35.585,1.4,1.03,2.08,0.011296325391344522,0.026736956,-1.500249108
35.6149,1.4,1.03,2.09,0.007115681,-0.007127362,-1.564816308
35.6468,1.4,1.03,2.1,0.005094649,0.028131439880167777,-1.517342084
35.6771,1.4,1.03,2.09,0.009189662,-0.020207939,-1.557995381
35.7081,1.4,1.03,2.09,0.007419034,0.019926435,-1.530733542
35.7379,1.4,1.03,2.09,0.013223272181543833,-0.003846752,-1.547655777
35.7689,1.4,1.03,2.11,0.011243405747555097,0.022651594807885655,-1.530608279
37.1912,1.5,1.03,2.1,0.007349008,0.01916418,-1.669221434
37.2214,1.5,1.03,2.1,0.001324865,-0.000434392,-1.683182742
37.2525,1.5,1.03,2.1,0.005459617,0.013590728543953138,-1.692949258
37.2807,1.5,1.03,2.09,-0.000633014,-0.00874749,-1.690017498
37.3103,1.5,1.03,2.08,0.007511034,0.014581742336275624,-1.686157493
37.338,1.5,1.03,2.1,-0.000646484,-0.01530493,-1.713655229
37.3666,1.5,1.03,2.11,0.0135361,0.013028629095981705,-1.665796725
37.3978,1.5,1.03,2.09,0.005291462,-0.026188362,-1.686576971
37.4293,1.5,1.03,2.1,-0.000752685,0.028545562,-1.672919139
37.4599,1.5,1.03,2.1,0.003318764,-0.013395906,-1.679762555
37.4892,1.5,1.03,2.1,0.007429462,0.023502526,-1.669317305
37.5194,1.5,1.03,2.09,0.003405912,-0.013294521,-1.693279123
37.5501,1.5,1.03,2.11,0.007408925,0.016724638330337695,-1.676037729
37.5801,1.5,1.03,2.09,0.009463564,-0.000427311,-1.68285811
37.6076,1.5,1.03,2.09,0.005481151,0.038654650623754436,-1.652306498
37.638,1.5,1.03,2.12,0.005386906,-0.016509905,-1.706770604
37.6656,1.5,1.03,2.11,0.009401257,-0.009955665,-1.676264143
37.6951,1.5,1.03,2.09,0.00339429,0.026114920141874297,-1.676038794
37.723,1.5,1.03,2.1,0.005286171,-0.003066323,-1.672999967
37.7535,1.5,1.03,2.11,0.009471433,0.023046338,-1.692771242
37.7836,1.5,1.03,2.11,-0.000772892,-0.006458646,-1.673167088
37.8137,1.5,1.03,2.1,0.001402916,0.010971847777572114,-1.682986851
37.8432,1.5,1.03,2.09,0.007179963,0.000632017,-1.666151576
37.8757,1.5,1.03,2.1,0.005436406,0.027602794296712422,-1.686082101
37.9067,1.5,1.03,2.11,0.011472586424899279,0.016780862,-1.672575348
37.9356,1.5,1.03,2.1,0.001504749,0.013226834714401049,-1.689706907
37.9685,1.5,1.03,2.11,0.007516278,0.035120788,-1.652280027
38.0014,1.5,1.03,2.1,-0.000684786,-0.00404551,-1.679818557
38.0321,1.5,1.03,2.09,0.007545002,0.011942784803698604,-1.682856575
38.0634,1.5,1.03,2.12,0.00739975,-0.011304345,-1.669517311
39.4851,1.6,1.03,2.11,0.011594487675610533,-0.012183427,-1.824816813
39.5139,1.6,1.03,2.11,0.00361696,0.011124090262182694,-1.828218807
39.5423,1.6,1.03,2.11,0.001525035,-0.003932457,-1.825029869
39.5704,1.6,1.03,2.1,0.00950592,0.023581764157569046,-1.794240115
39.5981,1.6,1.03,2.1,-0.004470082,-0.004757967,-1.858952088
39.627,1.6,1.03,2.12,0.00957289,-0.020549992,-1.81480371
39.657,1.6,1.03,2.11,0.005730611,0.026340864,-1.841504314
39.6869,1.6,1.03,2.13,-0.002611419,-0.017845269,-1.828691213
39.7182,1.6,1.03,2.09,0.003584635,-0.00464125,-1.86545571
39.7461,1.6,1.03,2.13,0.003465043,-0.017115014,-1.808257924
39.7759,1.6,1.03,2.1,0.011766472741401832,0.020859739878159644,-1.848019742
39.8038,1.6,1.03,2.12,0.009631245,-0.004015954,-1.818001889
39.8326,1.6,1.03,2.09,0.007609516,0.010772753256231015,-1.807873934
39.8617,1.6,1.03,2.09,0.00764792,-0.014413005,-1.83502638
39.8922,1.6,1.03,2.1,0.00564932,0.019421007847760626,-1.834838688
39.923,1.6,1.03,2.11,0.003558933,-9.61E-06,-1.851939128
39.9519,1.6,1.03,2.09,0.005474012,0.023921597115621578,-1.807847347
39.9797,1.6,1.03,2.1,0.007509308,-0.02354311,-1.841840491
40.0081,1.6,1.03,2.1,0.015652238641078647,0.001706378,-1.807680188
40.038,1.6,1.03,2.1,0.005648067,0.007850562,-1.845054706
40.0665,1.6,1.03,2.11,0.005557475,-0.015385761,-1.838528663
40.0958,1.6,1.03,2.11,0.007703277,0.022881224,-1.821188818
40.1274,1.6,1.03,2.1,0.005468842,-0.018128182,-1.81154602
40.1578,1.6,1.03,2.1,0.001516638,0.017230138319691043,-1.841732519
40.1893,1.6,1.03,2.11,0.007616176,0.027207483560745073,-1.807720701
40.2177,1.6,1.03,2.11,0.003666968,0.025096168365550196,-1.817916618
40.2468,1.6,1.03,2.12,0.003488375,-0.014583512,-1.818385713
40.2762,1.6,1.03,2.11,0.009651632,0.029073954714183746,-1.834612729
40.3081,1.6,1.03,2.11,0.007526972,-0.007717549,-1.811424326
40.3369,1.6,1.03,2.1,0.007696167,0.018129247973610572,-1.824553894
41.7497,1.7,1.04,2.11,0.003623389,0.000464893,-1.946662843
41.779,1.7,1.04,2.11,-0.000215939,0.022167913257680576,-1.990350737
41.8071,1.7,1.04,2.12,0.005619367,-0.00278095,-1.956781746
41.8362,1.7,1.04,2.1,0.001721399,0.018332553,-1.966766065
41.8673,1.7,1.04,2.11,0.009827816,-0.009707505,-1.966700464
41.8983,1.7,1.04,2.11,0.007846518,0.023948023234093434,-1.959705684
41.93,1.7,1.04,2.11,0.009766815,-0.014680524,-1.956713783
41.9581,1.7,1.04,2.12,0.003812046,0.019604831133142143,-1.980146795
41.9878,1.7,1.04,2.13,0.00563144,-0.009738019,-1.956770662
42.0165,1.7,1.04,2.1,0.009895255,0.009083016,-1.979957506
42.0455,1.7,1.04,2.12,0.009766767,-0.002294842,-1.97336082
42.0768,1.7,1.04,2.11,-0.000338164,0.015079101297359766,-1.976940475
42.107,1.7,1.04,2.11,0.009848232,-0.002659858,-1.973414895
42.1391,1.7,1.03,2.12,-0.000227054,0.031436733,-1.983496721
42.1685,1.7,1.04,2.11,-0.002502001,-0.01219545,-1.957098368
42.2026,1.7,1.04,2.12,0.003691664,-0.022298201,-1.980529211
42.2325,1.7,1.04,2.11,0.009861171,0.031824381,-1.939366625
42.2621,1.7,1.04,2.11,-0.002406824,-0.021004622,-1.987441997
42.2908,1.7,1.04,2.1,0.007956719,0.014269348939687865,-1.942924011
42.3197,1.7,1.04,2.12,-9.54E-05,0.017087234,-1.980210988
42.3517,1.7,1.04,2.11,0.003697909,0.033236324,-1.949755731
42.3833,1.7,1.04,2.1,0.003623529,-0.017423691,-1.990578868
42.414,1.7,1.04,2.1,0.003767258,0.023957977,-1.956547293
42.4451,1.7,1.04,2.12,0.007694682,-0.003721798,-1.97006267
42.4752,1.7,1.04,2.09,0.001752378,0.013568274074530314,-1.959979112
42.5031,1.7,1.04,2.11,0.009770974,-0.016016115,-2.000462925
42.5324,1.7,1.04,2.11,0.007712168,0.030831391327040415,-1.939483203
42.5615,1.7,1.04,2.13,-0.000468152,-0.012700254,-1.983959176
42.5931,1.7,1.04,2.12,0.007808946,0.03583625,-1.963083199
42.6239,1.7,1.04,2.12,0.007692191,-0.013102228,-1.963413244
44.0392,1.8,1.04,2.1,-7.94E-05,0.011601270504132188,-2.122173306
44.0688,1.8,1.04,2.11,0.00200213,-0.006196261,-2.108799686
44.1001,1.8,1.04,2.13,0.006038013,0.022298698,-2.132003442
44.1281,1.8,1.04,2.12,0.005950182,-0.001325648,-2.112056195
44.1588,1.8,1.04,2.12,-0.002144231,0.013011990627126352,-2.132368869
44.1908,1.8,1.04,2.12,0.003829421,-0.021294397,-2.102135763
44.2188,1.8,1.04,2.12,-0.00012982,0.004614541,-2.122204032
44.2468,1.8,1.04,2.11,0.008032782,-0.004799391,-2.115360492
44.2761,1.8,1.04,2.12,0.003934872,0.013623982632683787,-2.111949229
44.3048,1.8,1.04,2.12,0.003836419,-0.0278193,-2.139311228
44.3338,1.8,1.04,2.12,0.006058144,0.028477540867084247,-2.091516991
44.3643,1.8,1.04,2.11,0.003874315,-0.022864437,-2.15607736
44.3963,1.8,1.04,2.12,0.012066948868673958,0.013170618,-2.084720594
44.4288,1.8,1.04,2.13,0.003927152,-0.002535032,-2.112095808
44.4578,1.8,1.04,2.11,-0.002080347,0.017327225835866295,-2.11549949
44.4899,1.8,1.04,2.12,0.003781701,-0.00937224,-2.118899851
44.5189,1.8,1.04,2.11,0.012194865334342737,0.009179192,-2.138699035
44.5463,1.8,1.04,2.13,0.010078626385099675,-0.012934429,-2.132223181
44.5759,1.8,1.04,2.12,0.010060358931412132,0.023800743245395814,-2.088054624
44.6049,1.8,1.04,2.12,0.003830838,-0.025398713,-2.135859995
44.6339,1.8,1.04,2.12,0.011996443271905872,0.025208264233305355,-2.091381457
44.6654,1.8,1.04,2.13,0.00200209,-0.022170546,-2.135856923
44.6948,1.8,1.04,2.12,0.003982384,0.029658386487851598,-2.088222761
44.7237,1.8,1.04,2.11,-8.16E-05,-0.013723682,-2.146029276
44.7571,1.8,1.04,2.13,0.001838682,0.030746576063820565,-2.068060029
44.7904,1.8,1.04,2.12,0.003902741,-0.007108524,-2.122267972
44.8217,1.8,1.04,2.13,-1.01E-05,0.022994612469073993,-2.115390937
44.8515,1.8,1.04,2.14,0.001805283,-0.015316838,-2.115676252
44.8838,1.8,1.04,2.11,-0.000163387,0.002481973,-2.135800639
44.9201,1.8,1.04,2.09,-0.002054697,0.019710701544760862,-2.122192769
46.3523,1.9,1.04,2.13,1.812286830538655e-05,-0.015191159,-2.264328776
46.3824,1.9,1.04,2.12,0.006180001,0.011795051367405402,-2.280736325
46.4114,1.9,1.04,2.12,0.002107533,-0.011728865,-2.260844063
46.4432,1.9,1.04,2.13,0.006139261,0.023472256824268064,-2.263769017
46.4721,1.9,1.04,2.14,0.00604714,-0.006936629,-2.264059284
46.5007,1.9,1.05,2.13,0.002131668,0.014055837,-2.263967677
46.5288,1.9,1.04,2.11,-0.001886281,-0.011505218,-2.2846301
46.558,1.9,1.04,2.15,0.008147104,0.024412578,-2.250218969
46.5874,1.9,1.04,2.11,0.004136028,-0.024113064,-2.28446539
46.6159,1.9,1.04,2.13,0.002154566,0.025217226675663312,-2.23353036
46.6445,1.9,1.04,2.13,0.002122212,0.01868082,-2.263968185
46.6737,1.9,1.04,2.12,0.006112688,-0.018707986,-2.260819281
46.7057,1.9,1.04,2.14,1.6824866995029941e-06,-0.010217341,-2.277729846
46.7341,1.9,1.04,2.15,-3.33E-05,-0.017474527,-2.264401298
46.763,1.9,1.04,2.12,0.006157037,0.013824841,-2.253774312
46.7918,1.9,1.04,2.12,0.004073286,-0.008198202,-2.254001805
46.8194,1.9,1.04,2.13,0.004034814,0.010242205942993313,-2.247107518
46.8495,1.9,1.04,2.13,0.006165592,-0.01156976,-2.274237059
46.8827,1.9,1.04,2.12,0.002123373,0.004478765,-2.257290613
46.9148,1.9,1.04,2.12,0.004106046,-0.017876077,-2.240634521
46.9439,1.9,1.04,2.1,0.004185754,0.022512980799402484,-2.280684128
46.9756,1.9,1.04,2.1,0.00613398,-0.009917871,-2.230350744
47.006,1.9,1.04,2.12,0.002096597,-0.004374346,-2.270848837
47.0364,1.9,1.04,2.13,0.008246515,0.024032485,-2.23003144
47.0657,1.9,1.04,2.12,0.00823003,0.024474774661097765,-2.263714893
47.0951,1.9,1.04,2.13,-3.35E-05,-0.010758939,-2.240694981
47.1244,1.9,1.04,2.13,0.002127716,0.021061521,-2.260571889
47.1566,1.9,1.04,2.13,0.004159898,0.014459411516489712,-2.233637494
47.1861,1.9,1.04,2.14,0.004230838,0.010605203949737785,-2.284237224
47.2194,1.9,1.05,2.13,0.010267663022116288,0.027268477447907304,-2.226560899
48.6267,2,1.05,2.14,0.006399349,0.01753465,-2.412432437
48.6562,2,1.05,2.14,0.006247784,-0.019903625,-2.402718791
48.6867,2,1.05,2.15,0.004335956,0.021017122564316107,-2.405776205
48.7165,2,1.05,2.13,0.002187311,-0.017431122,-2.406219386
48.7457,2,1.05,2.15,0.008376014,0.011496971396238382,-2.39556118
48.7736,2,1.05,2.12,0.004208585,-0.009094318,-2.412784329
48.8032,2,1.05,2.13,0.002397357,0.008015349,-2.395775721
48.8355,2,1.05,2.12,0.006220703,-0.01512992,-2.406078228
48.864,2,1.05,2.14,0.010250923024050741,0.015216344610525265,-2.395512883
48.8941,2,1.05,2.14,0.010274284543834212,-0.008294415,-2.395744262
48.9257,2,1.05,2.12,0.008282553,0.014017767505052205,-2.402365717
48.9538,2,1.05,2.15,0.008477044,-0.009501242,-2.40928541
48.9826,2,1.05,2.12,0.008400681,0.009354874,-2.409095332
49.0113,2,1.04,2.13,0.00422755,-0.025359395,-2.419606617
49.0405,2,1.05,2.13,0.008282471,0.030261812137807098,-2.388743336
49.0695,2,1.05,2.13,0.004250882,-0.022827894,-2.429734406
49.1012,2,1.05,2.14,0.0124136,0.023066296,-2.388641588
49.1305,2,1.05,2.14,0.006363474,-0.024148733,-2.426317771
49.1601,2,1.05,2.14,0.012515206224455032,0.022807937753730544,-2.378454404
49.1917,2,1.05,2.13,0.006369961,-0.017242458,-2.416080602
49.2203,2,1.05,2.14,0.008395163,0.029963568309262882,-2.378611089
49.2498,2,1.05,2.14,0.004182843,-0.020436967,-2.426324983
49.2819,2,1.05,2.14,0.0044403,0.018156918275505744,-2.382143591
49.3105,2,1.05,2.13,0.002156065,-0.031154472,-2.423156335
49.3398,2,1.05,2.14,0.008401678,0.027640909,-2.375172997
49.3735,2,1.05,2.12,0.006327977,-0.028682338,-2.436434998
49.4065,2,1.05,2.12,0.012384971035785307,0.007010859,-2.405567961
49.439,2,1.04,2.13,0.008414157,0.004469558,-2.392232454
49.4703,2,1.05,2.13,0.002206125,-0.024197505,-2.419677449
49.4996,2,1.05,2.12,0.006349077,0.021824799793164647,-2.371922621
50.9242,2.1,1.05,2.15,0.000390187,0.017460162190600405,-2.544486104
50.9526,2.1,1.05,2.13,0.00649191,-0.024965775,-2.585066002
50.9824,2.1,1.05,2.15,0.008649766,0.023962965863996263,-2.510364195
51.0141,2.1,1.05,2.14,0.006582701,-0.018139374,-2.571448737
51.0434,2.1,1.06,2.16,0.008549345,0.029046419321921396,-2.530593519
51.0723,2.1,1.05,2.15,0.004452658,-0.023954684,-2.57161275
51.1044,2.1,1.05,2.15,0.010638512633671687,0.016234906173378156,-2.537283028
51.1344,2.1,1.05,2.14,0.006510493,-0.022802747,-2.574841974
51.165,2.1,1.05,2.16,0.002493275,0.016336661660364446,-2.541021527
51.1944,2.1,1.05,2.15,0.00227652,-0.013158857,-2.568265461
51.2232,2.1,1.05,2.15,0.008554699,0.024112487194626307,-2.517137513
51.252,2.1,1.05,2.14,0.002409357,-0.013454326,-2.56822279
51.2796,2.1,1.05,2.15,0.004418632,-0.019671187,-2.544620025
51.3096,2.1,1.05,2.14,0.006569797,0.018928554535930536,-2.557625349
51.3386,2.1,1.05,2.16,0.006634213,-0.004683009,-2.551166509
51.3698,2.1,1.05,2.15,0.000567023,0.020132136126748808,-2.564661136
51.3995,2.1,1.05,2.14,0.006507742,-0.014024832,-2.537711378
51.4284,2.1,1.04,2.15,0.00264392,0.002535413,-2.561253567
51.4606,2.1,1.04,2.14,0.002394522,-0.022922561,-2.564959591
51.4888,2.1,1.05,2.12,0.00660155,0.019324611,-2.5677702
51.5175,2.1,1.05,2.14,0.002558784,-0.01140898,-2.564838759
51.5475,2.1,1.05,2.15,0.000550356,0.005779282,-2.544459479
51.5791,2.1,1.05,2.13,0.000545626,-0.008254412,-2.548092091
51.607,2.1,1.05,2.14,0.006532027,0.002261175,-2.534199215
51.6384,2.1,1.05,2.15,0.004441485,-0.013041325,-2.534465092
51.6719,2.1,1.05,2.15,0.006519833,0.009488005,-2.547645154
51.706,2.1,1.05,2.15,0.002601623,0.016268989224807035,-2.544303491
51.736,2.1,1.05,2.15,0.010467891,-0.013897465,-2.540981027
51.7667,2.1,1.05,2.15,0.004441456,0.013000936199375722,-2.544361501
51.7984,2.1,1.05,2.14,0.004450888,-0.010651197,-2.52764128
53.2177,2.2,1.05,2.14,0.006727524,-0.016915122,-2.709972595
53.2468,2.2,1.05,2.16,0.010868699448535668,0.017103568535126457,-2.672433446
53.2756,2.2,1.05,2.15,0.006752094,-0.016573637,-2.736965827
53.3036,2.2,1.05,2.15,0.004651638,-0.020835088,-2.696642881
53.3317,2.2,1.05,2.15,0.004742303,0.014517156954517111,-2.706381105
53.3603,2.2,1.05,2.15,0.010839591,-0.005361979,-2.71650764
53.3899,2.2,1.05,2.14,0.000778061,0.002534202,-2.716761644
53.4208,2.2,1.05,2.15,0.004614821,-0.006934633,-2.676272283
53.451,2.2,1.05,2.15,-0.00132212,0.010688195039882102,-2.696533893
53.4807,2.2,1.05,2.15,0.004618676,-0.011456735,-2.693127151
53.5116,2.2,1.05,2.15,0.002733052,0.006134513,-2.713312608
53.5417,2.2,1.05,2.15,0.006716057,-0.015260459,-2.676175855
53.5697,2.2,1.05,2.14,0.004753215,0.004948815,-2.696352106
53.5976,2.2,1.05,2.15,0.006818648,-0.021605598,-2.726909176
53.628,2.2,1.05,2.14,0.004787048,0.025569013285187063,-2.672605504
53.6598,2.2,1.05,2.15,0.010808210536241319,-0.012639501,-2.696303418
53.6895,2.2,1.05,2.16,0.004762666,0.011766588278866421,-2.689576746
53.7209,2.2,1.05,2.14,0.0047547,-0.009223477,-2.693122694
53.7511,2.2,1.06,2.14,0.004822235,0.007083461,-2.692920656
53.7818,2.2,1.05,2.15,0.004670492,-0.011627187,-2.683043709
53.8117,2.2,1.05,2.16,0.004697447,0.012124952,-2.703039761
53.8412,2.2,1.05,2.15,0.004820097,-0.011496141,-2.696518467
53.8726,2.2,1.05,2.16,0.006897875,0.006172376,-2.709649739
53.9029,2.2,1.05,2.15,0.004819895,-0.011795663,-2.679635453
53.9352,2.2,1.05,2.14,0.002775065,0.008345459,-2.699757289
53.9662,2.2,1.05,2.15,0.012776648749426049,-0.004695573,-2.669192426
53.9972,2.2,1.05,2.15,0.008679657,-0.027256532,-2.716708357
54.0314,2.2,1.05,2.14,-0.001218976,0.006055761,-2.706636087
54.0617,2.2,1.05,2.15,0.004776426,-0.009063251,-2.703219263
54.0914,2.2,1.05,2.15,0.002718088,0.008482677,-2.696378578
55.5076,2.3,1.05,2.16,0.012857490609487932,-0.022116301,-2.821349254
55.5364,2.3,1.05,2.16,0.007018281,0.014265891964362296,-2.851570909
55.5648,2.3,1.05,2.14,0.00288723,-0.011492081,-2.828268716
55.5933,2.3,1.05,2.17,0.006907268,0.012238005172672772,-2.84825107
55.6235,2.3,1.05,2.14,0.006885652,-0.0133952,-2.858575959
55.6538,2.3,1.05,2.16,0.006814736,0.009486158,-2.824695943
55.6838,2.3,1.05,2.17,0.006968473,-0.016116108,-2.84172979
55.713,2.3,1.05,2.16,0.002991825,0.00718821,-2.838263054
55.7446,2.3,1.05,2.16,0.012920324271911955,-0.012258662,-2.848274394
55.7735,2.3,1.05,2.15,0.000983982,0.006247889,-2.851813103
55.8016,2.3,1.05,2.16,0.00492121,-0.023813284,-2.868800356
55.8317,2.3,1.05,2.17,0.007004647,0.023383214441739138,-2.83126839
55.8631,2.3,1.05,2.16,0.010799384,-0.013499784,-2.838190661
55.892,2.3,1.05,2.17,0.008961002,0.013080993358028141,-2.838024796
55.9212,2.3,1.05,2.16,0.00891276,-0.030904016,-2.855272132
55.951,2.3,1.05,2.15,0.010959335958863765,0.025661408398129096,-2.817651952
55.9826,2.3,1.05,2.16,0.010955852851857434,-0.013447813,-2.851699713
56.0109,2.3,1.05,2.16,0.006982771,0.015908354,-2.81111211
56.0392,2.3,1.05,2.15,0.00897084,-0.009972095,-2.855070602
56.0677,2.3,1.05,2.16,0.008966946,-0.021424277,-2.86527297
56.097,2.3,1.05,2.16,0.015142391871128976,0.009635789,-2.844583709
56.1255,2.3,1.05,2.16,0.006994166,-0.009201104,-2.828140686
56.1554,2.3,1.05,2.16,0.005081191,0.006118976,-2.855060724
56.1876,2.3,1.05,2.16,0.008877423,-0.019733098,-2.824897269
56.2163,2.3,1.05,2.16,0.008863368,0.008651373,-2.831301158
56.244,2.3,1.05,2.17,0.011051954665418712,-0.016086872,-2.844908825
56.274,2.3,1.05,2.16,0.013062506163403664,0.008293863,-2.827809756
56.305,2.3,1.05,2.18,0.010789904034052994,-0.011088624,-2.838166944
56.3362,2.3,1.05,2.16,0.010996104725086216,0.007333309,-2.837974099
56.3675,2.3,1.05,2.16,0.00879161,-0.024508082,-2.814787065
57.7562,2.4,1.05,2.14,0.005256896,0.005062531,-3.000256709
57.7834,2.4,1.06,2.17,0.007121701,-0.030787763,-3.00735217
57.8133,2.4,1.06,2.16,0.011237295373185604,0.02440613,-2.959557072
57.8422,2.4,1.06,2.17,0.003161049,-0.012217265,-3.00047106
57.8716,2.4,1.06,2.17,0.017093108,-0.015811316,-2.976570084
57.903,2.4,1.06,2.16,0.00101635,-0.029415111,-3.014230663
57.9323,2.4,1.06,2.17,0.005143416,-0.004131964,-2.990311669
57.9691,2.4,1.06,2.16,0.005068625,-0.027134941,-3.007289411
57.9996,2.4,1.06,2.16,0.015303412840251402,0.006425743,-2.996576205
58.0313,2.4,1.06,2.13,0.009148427,-0.029868475,-2.987002028
58.0632,2.4,1.05,2.17,0.007124091,-0.018819867,-3.007129842
58.0915,2.4,1.06,2.17,0.007073944,-0.014903361,-2.973516007
58.1212,2.4,1.06,2.16,0.009279721,0.019279542277219914,-2.993286101
58.1532,2.4,1.06,2.16,0.009134406,0.025933035869480793,-2.959573829
58.1966,2.4,1.06,2.17,0.007062582,0.006347735,-2.986756849
58.227,2.4,1.06,2.17,0.005155586,-0.013572616,-2.976841505
58.2557,2.4,1.05,2.16,0.003204265,0.008475355,-2.990207255
58.2846,2.4,1.05,2.17,0.004991281,-0.029617725,-2.99724472
58.3125,2.4,1.05,2.17,0.01512959,-0.00324596,-2.966355452
58.3415,2.4,1.05,2.16,0.011144947,0.025110553520897007,-2.976331073
58.3734,2.4,1.05,2.15,0.007057775,-0.019697997,-2.966846445
58.4036,2.4,1.05,2.16,0.009135938,-0.031900342,-3.003798885
58.4365,2.4,1.05,2.16,0.003065964,0.022364407594577182,-2.966588987
58.4674,2.4,1.05,2.16,0.007137639,-0.017063716,-2.99033964
58.498,2.4,1.06,2.14,0.00707495,0.008649362,-2.983394846
58.5298,2.4,1.06,2.15,0.007073944,-0.014903361,-2.973516007
58.5598,2.4,1.06,2.18,0.00707495,0.008649362,-2.983394846
58.5898,2.4,1.06,2.18,0.007091448,-0.014782323,-2.983591932
58.6252,2.4,1.06,2.17,0.007105034,-0.028327291,-3.003846
58.6562,2.4,1.06,2.14,0.005118691,0.016468000304945433,-2.963179361
60.0825,2.5,1.06,2.17,0.011439157517889747,0.012405866539041827,-3.138528135
60.1116,2.5,1.06,2.16,0.007287763,-0.013758286,-3.108584188
60.1423,2.5,1.06,2.17,0.005465405,0.015673066,-3.128498513
60.1714,2.5,1.06,2.17,0.00532216,-0.009974316,-3.125486156
60.2009,2.5,1.05,2.17,0.005328573,0.001629364,-3.128732292
60.2298,2.5,1.06,2.17,0.009246609,-0.014680077,-3.121990019
60.2587,2.5,1.06,2.17,0.009397478,0.022224633641056965,-3.091392447
60.2869,2.5,1.06,2.18,0.009267358,-0.030488179,-3.145702314
60.3147,2.5,1.06,2.17,0.009357966,-0.010304722,-3.108451409
60.345,2.5,1.06,2.19,0.003533852,0.000574034,-3.155721944
60.3761,2.5,1.06,2.17,0.013433390111627728,0.024677333,-3.104699793
60.4064,2.5,1.06,2.17,0.007292149,-0.029393859,-3.15254508
60.4344,2.5,1.06,2.17,0.001213947,-0.026049561,-3.135805978
60.4643,2.5,1.06,2.18,0.007375565,0.019094994,-3.121732358
60.4957,2.5,1.06,2.17,0.009614483,0.008358589,-3.128485995
60.5239,2.5,1.06,2.17,0.005297163,0.020394102908805375,-3.118424479
60.5537,2.5,1.06,2.17,0.003269287,-0.022835298,-3.125610924
60.582,2.5,1.06,2.17,0.013472775623322261,0.004017147,-3.125011364
60.6113,2.5,1.06,2.17,0.005288066,-0.012436169,-3.118751589
60.6426,2.5,1.06,2.18,0.00738799,0.002938754,-3.131968511
60.6721,2.5,1.06,2.17,0.007296111,-0.011196326,-3.122084555
60.6998,2.5,1.06,2.17,0.013418531753798394,0.012995275242659483,-3.10141237
60.7312,2.5,1.06,2.17,0.015309914989784243,-0.008930859,-3.101536934
60.7629,2.5,1.08,2.18,0.007481678,0.002931302,-3.142071213
60.7954,2.5,1.06,2.16,0.009339185,-0.024210028,-3.108567276
60.8249,2.5,1.06,2.17,0.00327157,0.014501693585495622,-3.125297971
60.8563,2.5,1.06,2.16,0.013425197205906783,0.001173922,-3.091338502
60.8877,2.5,1.06,2.18,0.009162909,-0.03041108,-3.138992834
60.9193,2.5,1.06,2.17,0.003346192,0.016533458250325424,-3.105011145
60.9523,2.5,1.06,2.17,0.007374912,-0.0136569,-3.122100756
62.3586,2.6,1.08,2.18,0.009654803,0.016675050484752794,-3.253477069
62.3871,2.6,1.08,2.17,0.011775351642485296,0.011141059462429628,-3.2803708
62.4171,2.6,1.06,2.17,0.005469628,-0.020311084,-3.270798514
62.4458,2.6,1.06,2.15,0.009639727,0.007746336,-3.277083579
62.4762,2.6,1.06,2.17,0.007530351,-0.014446359,-3.270642019
62.5088,2.6,1.06,2.18,0.003648755,-0.005052024,-3.287483426
62.5402,2.6,1.06,2.17,0.007533834,0.024662862083182205,-3.236594259
62.5694,2.6,1.06,2.18,0.007576416,-0.005015236,-3.284049729
62.6022,2.6,1.06,2.18,0.007588523,0.015444735607082184,-3.250206557
62.634,2.6,1.06,2.17,0.015635226069418553,-0.009856258,-3.260207675
62.6621,2.6,1.06,2.18,0.003518396,0.010799943573163233,-3.243599498
62.6925,2.6,1.06,2.17,0.009574905,-0.013376271,-3.263815961
62.7244,2.6,1.06,2.17,0.007521998,0.011247763758890738,-3.267062286
62.7532,2.6,1.06,2.18,0.005529319,-0.008450644,-3.277403057
62.7816,2.6,1.06,2.18,0.003532045,0.015443082927819023,-3.236820556
62.8104,2.6,1.06,2.18,0.015613610387228107,-0.035489463,-3.270532564
62.8379,2.6,1.06,2.18,0.009550562,-0.011204412,-3.253729968
62.8676,2.6,1.06,2.19,0.007580257,0.013452057835044398,-3.267024058
62.8966,2.6,1.06,2.17,0.003374758,-0.021622551,-3.25739714
62.9277,2.6,1.06,2.17,0.005630794,0.014446270761239648,-3.267101023
62.9592,2.6,1.06,2.19,0.011578525359872496,-0.012475139,-3.250245269
62.9903,2.6,1.06,2.19,0.005470915,-0.029412328,-3.274156427
63.0192,2.6,1.06,2.18,0.009639916,0.014221926809669215,-3.243390568
63.0483,2.6,1.06,2.17,0.011544551659766266,0.018419902,-3.263466822
63.0802,2.6,1.06,2.17,0.011745248330511866,0.017647806079570102,-3.249974786
63.1096,2.6,1.06,2.17,0.001477754,-0.013250114,-3.280878579
63.1393,2.6,1.06,2.17,0.00346153,-0.014535816,-3.260642246
63.1734,2.6,1.06,2.17,0.00747468,-0.009753806,-3.263870593
63.2027,2.6,1.08,2.19,0.015666075,0.008534736,-3.253305873
63.2323,2.6,1.06,2.17,0.003346424,-0.028419291,-3.270972594
64.6574,2.7,1.08,2.18,0.007680476,-0.011140929,-3.388886565
64.6863,2.7,1.08,2.18,0.005724023,0.001644875,-3.39558924
64.7181,2.7,1.08,2.2,0.00755013,-0.018278357,-3.378883176
64.7478,2.7,1.08,2.21,0.005708715,0.001645572,-3.395513659
64.7784,2.7,1.08,2.18,0.00159851,-0.014251886,-3.41271615
64.8086,2.7,1.06,2.18,0.005897943,0.008832995,-3.412350913
64.8381,2.7,1.08,2.17,0.009695037,-0.012223745,-3.388781439
64.8656,2.7,1.08,2.19,0.003755277,0.007431646,-3.392170611
64.8942,2.7,1.08,2.17,0.013762581180055859,-0.025918557,-3.408973004
64.9239,2.7,1.08,2.18,0.007842923,0.025957938,-3.381772135
64.9569,2.7,1.08,2.21,0.00967598,-0.021731169,-3.385497597
64.9893,2.7,1.08,2.21,0.007654497,0.014701916411675363,-3.388665762
65.017,2.7,1.08,2.18,0.011765563481367095,-0.008740419,-3.39209682
65.0456,2.7,1.08,2.19,0.005571627,0.011130785896118642,-3.388736609
65.0754,2.7,1.08,2.18,0.013846813,-0.021301025,-3.419076214
65.1048,2.7,1.08,2.18,0.007874551,0.021253183,-3.381881501
65.1377,2.7,1.08,2.19,0.00970592,-0.012563153,-3.371953363
65.1707,2.7,1.08,2.19,0.007720954,0.012153537454865769,-3.39206819
65.2026,2.7,1.08,2.2,0.011739585557224154,0.000289099,-3.37518053
65.2349,2.7,1.08,2.18,0.011669640668687975,-0.024828987,-3.399051008
65.2644,2.7,1.08,2.19,0.007830976,0.021202490610154317,-3.375123217
65.296,2.7,1.08,2.18,0.007797322,-0.018145335,-3.39903312
65.325,2.7,1.08,2.19,0.003708051,0.012202577639826857,-3.385440473
65.3542,2.7,1.08,2.2,0.005652202,-0.03288936,-3.422803643
65.386,2.7,1.08,2.18,0.009852333,0.013295249278986034,-3.395310542
65.4154,2.7,1.08,2.18,0.013761449020871966,-0.020945436,-3.422449654
65.4439,2.7,1.08,2.21,0.009781272,0.017419217081556682,-3.358145668
65.474,2.7,1.06,2.19,0.005554538,-0.028090047,-3.409280928
65.5056,2.7,1.08,2.19,0.005677751,0.020170312,-3.375219151
65.5361,2.7,1.08,2.19,0.009746538,-0.023970599,-3.402355524
66.9554,2.8,1.08,2.2,0.001926433,-0.006066615,-3.564601462
66.9881,2.8,1.08,2.2,0.007983553,0.017914066809205837,-3.527074425
67.0151,2.8,1.08,2.19,0.003862643,-0.01637161,-3.561268293
67.0451,2.8,1.08,2.2,0.013931752726633868,0.009779809,-3.516951688
67.0758,2.8,1.08,2.2,0.003875924,-0.016289761,-3.571323574
67.1081,2.8,1.08,2.2,0.014057778846960198,0.01936163,-3.540393514
67.1397,2.8,1.08,2.19,0.011929375319015377,-0.021567422,-3.537467188
67.1681,2.8,1.08,2.19,0.009980662,0.009695102,-3.523716676
67.1968,2.8,1.08,2.19,0.007955731,-0.030466051,-3.557811043
67.2247,2.8,1.08,2.2,0.011954797762272238,-0.021697292,-3.527253228
67.2536,2.8,1.08,2.18,0.011996934749518046,0.013766666144775456,-3.553984863
67.2835,2.8,1.08,2.18,0.00786762,-0.021436431,-3.544384722
67.3154,2.8,1.08,2.21,0.007946246,-0.016612135,-3.551012474
67.3433,2.8,1.08,2.18,0.009833349,-0.020119591,-3.537518238
67.3723,2.8,1.08,2.19,0.015982927507726785,0.011310343337104347,-3.537029632
67.4008,2.8,1.08,2.19,0.005915139,-0.013338606,-3.534176576
67.4303,2.8,1.08,2.19,0.015845621458351358,0.006735573,-3.540451029
67.4602,2.8,1.08,2.2,0.011893974892788761,-0.011771283,-3.550820823
67.491,2.8,1.08,2.21,0.011977704189576457,-0.005269213,-3.540617085
67.5207,2.8,1.08,2.18,0.00582533,-0.015639434,-3.540952967
67.5493,2.8,1.08,2.19,0.011994144228179564,0.006570296,-3.543911503
67.5765,2.8,1.08,2.17,0.011909244,-0.027746265,-3.577953638
67.6074,2.8,1.08,2.2,0.011810957343672723,0.027296076780619176,-3.510152814
67.6402,2.8,1.08,2.2,0.005939506,-0.013296643,-3.544286794
67.6928,2.8,1.08,2.18,0.013888549960643246,-0.033902207,-3.561096031
67.731,2.8,1.08,2.2,0.009786979,-0.015923898,-3.513911742
67.7654,2.8,1.08,2.18,0.011877603012572976,-0.016865442,-3.527268247
67.7939,2.8,1.08,2.19,0.014132332801082751,0.014648044330807337,-3.540364845
67.8235,2.8,1.08,2.2,0.009848034,-0.01796599,-3.530721726
67.8533,2.8,1.08,2.19,0.007993308,0.011105023372913364,-3.53049785
69.2532,2.9,1.09,2.22,0.012209622,0.003071535,-3.685834206
69.2818,2.9,1.09,2.21,0.011996882295627469,-0.015241561,-3.689440917
69.3099,2.9,1.09,2.2,0.012209240702812454,0.02149964,-3.668787891
69.3391,2.9,1.09,2.22,0.008111543,-0.026798103,-3.709848915
69.3678,2.9,1.09,2.2,0.016052950841313467,-0.01573507,-3.648730057
69.3966,2.9,1.09,2.21,0.010194931431042456,0.01597075,-3.6722685
69.4284,2.9,1.09,2.22,0.012103934964381025,0.005338649,-3.662259283
69.4592,2.9,1.09,2.2,0.010049741141721625,-0.02583813,-3.692858225
69.4922,2.9,1.09,2.22,0.003996091,0.012279805355179611,-3.662456965
69.5255,2.9,1.09,2.19,0.006086719,-0.016917823,-3.665892835
69.5578,2.9,1.09,2.2,0.006206322,0.020759159,-3.689234307
69.5903,2.9,1.09,2.21,0.016225105137159912,0.021465981,-3.658546583
69.6235,2.9,1.09,2.19,0.008075074,-0.010654064,-3.692950703
69.6567,2.9,1.09,2.2,0.012261264711712265,0.010185954,-3.682362315
69.6894,2.9,1.09,2.2,0.014080150381072014,0.010983724688743242,-3.648599869
69.7213,2.9,1.09,2.21,0.010089595334601634,-0.027711164,-3.719902812
69.7541,2.9,1.09,2.2,0.008131345,0.007607061,-3.675834941
69.7869,2.9,1.09,2.2,0.006074999,-0.019159925,-3.676151156
69.8212,2.9,1.09,2.21,0.010080188353931065,-0.029997409,-3.706395789
69.853,2.9,1.09,2.2,0.001980171,0.015822397239713362,-3.659131502
69.8854,2.9,1.09,2.19,0.012101429059869152,-0.017802243,-3.682691317
69.918,2.9,1.09,2.22,0.014283874,0.013849158666182705,-3.692333622
69.9516,2.9,1.09,2.19,0.008072802,0.021347289,-3.645367775
69.9844,2.9,1.09,2.21,0.01417035,-0.016690192,-3.685975478
70.0167,2.9,1.09,2.22,0.016335440877577743,0.005341479,-3.678906082
70.0492,2.9,1.09,2.2,0.014141760365812696,-0.016771344,-3.675844616
70.0791,2.9,1.09,2.21,0.006053175,-2.32E-05,-3.696209153
70.108,2.9,1.09,2.21,0.005901432,-0.018733889,-3.686332206
70.1372,2.9,1.09,2.21,0.014108942874595957,0.011364399148529745,-3.675613745
70.1697,2.9,1.09,2.19,0.014114418647285123,0.006160707,-3.648722884
71.5872,3,1.09,2.22,0.012436191230991628,-0.011909869,-3.834586697
71.6167,3,1.09,2.22,0.010377703313216885,-0.001678574,-3.817686302
71.6445,3,1.09,2.22,0.008272361,-0.030307672,-3.844958396
71.6732,3,1.09,2.22,0.010506482492504719,0.019061862659743075,-3.800601237
71.7024,3,1.09,2.24,0.004229338,-0.020699019,-3.851711613
71.7296,3,1.09,2.21,0.012341023754964455,-0.025986209,-3.817792773
71.76,3,1.09,2.23,0.012358290930039385,0.011320323393236178,-3.814107242
71.7923,3,1.09,2.2,0.018489717238383066,-0.001565431,-3.81068596
71.8213,3,1.09,2.21,0.010388841696028848,0.008079756,-3.841260029
71.8522,3,1.09,2.21,0.012358291275354566,-0.005493004,-3.797411755
71.8828,3,1.09,2.21,0.008339089,-0.025811177,-3.844985681
71.9147,3,1.08,2.22,0.010320692617382535,0.019130333911437446,-3.800733661
71.9437,3,1.09,2.2,0.012381941944364896,-0.039577715,-3.851618867
71.9722,3,1.09,2.23,0.010255681442489041,-0.008467864,-3.821159054
72.0015,3,1.09,2.21,0.004385218,0.008924291,-3.824516484
72.0298,3,1.09,2.22,0.010228726314251719,-0.015406675,-3.817858489
72.059,3,1.09,2.2,0.008359046,0.004465864,-3.827806269
72.0908,3,1.09,2.21,0.002205245,-0.027003259,-3.828274231
72.1207,3,1.09,2.22,0.014294075473991115,0.014911904731138568,-3.814010141
72.1519,3,1.09,2.21,0.016284975,-0.021424545,-3.807593783
72.1819,3,1.09,2.21,0.008308782,0.014022701440835417,-3.831097628
72.2127,3,1.09,2.21,0.016424689893599242,0.008774701,-3.797199432
72.2435,3,1.09,2.22,0.012376558,-0.025414849,-3.858275796
72.2745,3,1.09,2.22,0.008304449,0.022643163560832735,-3.793960039
72.304,3,1.09,2.22,0.010306278,-0.024067124,-3.851561045
72.3348,3,1.09,2.2,0.010305752344460638,0.023692321271505418,-3.783823857
72.3661,3,1.09,2.22,0.010329282,-0.026935957,-3.834770336
72.3976,3,1.09,2.21,0.004265881,0.006548266,-3.807720503
72.4264,3,1.09,2.22,0.012262247326829626,-0.021311812,-3.817800798
72.4577,3,1.09,2.21,0.008295027,0.006596457,-3.807534477
73.8762,3.1,1.09,2.22,0.010509109713834895,0.022722983640776337,-3.925709192
73.906,3.1,1.09,2.22,0.010561006628723325,-0.03044137,-3.990210128
73.9376,3.1,1.09,2.22,0.008651661,0.014593119925427295,-3.956115797
73.9671,3.1,1.09,2.23,0.012543031076881362,-0.03604241,-3.983353204
73.9965,3.1,1.09,2.23,0.008430114,0.016947457119243444,-3.922328298
74.0282,3.1,1.09,2.23,0.012619185877819785,-0.026941965,-3.976580903
74.0576,3.1,1.09,2.23,0.012611704028320191,0.028750709089589772,-3.94573884
74.0859,3.1,1.09,2.22,0.008417252,-0.02233807,-3.963224093
74.1142,3.1,1.09,2.23,0.012465333829837444,-0.029326023,-3.963061276
74.1432,3.1,1.09,2.19,0.010521166920098772,0.018818780088716104,-3.969475055
74.172,3.1,1.09,2.23,0.00442844,-0.017849183,-3.963306887
74.2002,3.1,1.09,2.23,0.012516845224662234,0.000943669,-3.959474535
74.2281,3.1,1.09,2.24,0.00448293,-0.021996261,-3.983506511
74.2582,3.1,1.09,2.21,0.006614014,0.017975485268098553,-3.942693765
74.2898,3.1,1.09,2.24,0.006395451,-0.01419083,-3.953023464
74.3183,3.1,1.09,2.21,0.00644955,0.022975709,-3.94262707
74.348,3.1,1.09,2.22,0.00438517,-0.031526693,-3.966747388
74.377,3.1,1.09,2.24,0.010491238,0.018040655,-3.93246749
74.4054,3.1,1.09,2.24,0.004516614,0.008122631,-3.966395686
74.4343,3.1,1.09,2.22,0.008398239,-0.027313965,-3.939657868
74.4618,3.1,1.09,2.22,0.012675607,-0.001366207,-3.969524851
74.4914,3.1,1.09,2.25,0.010464122583219014,-0.021416007,-3.952963526
74.5213,3.1,1.09,2.23,0.010526671626143432,0.004386154,-3.949383272
74.5538,3.1,1.09,2.22,0.010575682,-0.01674113,-3.95630793
74.5856,3.1,1.09,2.23,0.008483602,0.005957101,-3.969675403
74.614,3.1,1.09,2.21,0.010440108,-0.030657142,-3.953100544
74.6434,3.1,1.1,2.23,0.008560768,0.010354184897753813,-3.962861307
74.6757,3.1,1.09,2.22,0.012416594,-0.017967193,-3.936065987
74.7053,3.1,1.09,2.23,0.012634794344627151,0.015008403517442991,-3.96604085
74.7416,3.1,1.09,2.24,0.016541866,-0.001530912,-3.945808786
76.1418,3.2,1.09,2.25,0.010853312685932936,0.010229913,-4.104685523
76.1705,3.2,1.1,2.24,0.014716291183364889,-0.02874449,-4.131900229
76.1987,3.2,1.1,2.24,0.016779162740370973,0.004089727,-4.077594124
76.2283,3.2,1.1,2.26,0.004560919,0.000100591,-4.121912456
76.2555,3.2,1.1,2.25,0.010762473652218814,-0.017837461,-4.101558849
76.2855,3.2,1.1,2.23,0.012903278625618667,0.004721529,-4.114697101
76.3138,3.2,1.1,2.24,0.008712662,-0.0164572,-4.108381832
76.3438,3.2,1.1,2.25,0.004715773,0.009327927,-4.108284602
76.3739,3.2,1.1,2.25,0.016720864754230784,-0.014088852,-4.104689587
76.403,3.2,1.1,2.24,0.010796388796498756,0.00335202,-4.108130115
76.433,3.2,1.1,2.23,0.01086288,-0.019868048,-4.125106472
76.4626,3.2,1.1,2.24,0.012835385238846617,0.009056518,-4.09787705
76.4952,3.2,1.1,2.24,0.012744546202139485,-0.019010855,-4.094750376
76.5272,3.2,1.1,2.24,0.014858115416616469,0.012449962949017623,-4.094413503
76.5597,3.2,1.1,2.25,0.020909174752453175,0.015627793289071715,-4.063887566
76.5887,3.2,1.1,2.23,0.016818895794590394,0.002486453,-4.118073565
76.6163,3.2,1.1,2.24,0.012680556332137846,-0.026109196,-4.081277661
76.645,3.2,1.1,2.23,0.014796945,0.003319059,-4.097813226
76.6746,3.2,1.1,2.26,0.012664710656068931,-0.014060742,-4.094751745
76.7025,3.2,1.1,2.26,0.010782483593308977,0.00542447,-4.09120274
76.732,3.2,1.1,2.24,0.010545283961172821,-0.021889763,-4.104933164
76.7632,3.2,1.1,2.25,0.010648041110535623,0.003348664,-4.091214192
76.7928,3.2,1.1,2.23,0.010557651594508177,-0.019588136,-4.101571161
76.8223,3.2,1.1,2.25,0.004666439,0.013612121299762827,-4.081216298
76.8507,3.2,1.1,2.24,0.008685615,-0.032355184,-4.125315199
76.8774,3.2,1.1,2.25,0.010625564489923111,-0.027079874,-4.094945099
76.9075,3.2,1.1,2.23,0.008842327,0.011292393,-4.097914974
76.9396,3.2,1.1,2.26,0.010733748968901908,0.005340543,-4.070982303
76.9688,3.2,1.1,2.24,0.014779546576915208,0.005981127,-4.118079393
76.9981,3.2,1.1,2.23,0.008675754,-0.028329246,-4.09154968
78.4154,3.3,1.1,2.24,0.008985069,-0.024520825,-4.253634793
78.4475,3.3,1.1,2.25,0.013055061853484439,0.003383123,-4.239796169
78.4766,3.3,1.11,2.26,0.008786579,-0.015237103,-4.226575375
78.505,3.3,1.1,2.24,0.010900201259819524,0.009208604,-4.233061806
78.5351,3.3,1.1,2.27,0.01292475,-0.024425994,-4.243366709
78.5665,3.3,1.1,2.27,0.010989966348278072,0.006977904,-4.246567798
78.5962,3.3,1.1,2.27,0.006998721,-0.016371508,-4.25359932
78.6285,3.3,1.1,2.27,0.013031608472171354,0.001121382,-4.243103234
78.6557,3.3,1.1,2.25,0.0088763,-0.021999332,-4.260363749
78.6857,3.3,1.1,2.26,0.008915585,0.008016679,-4.226397549
78.717,3.3,1.1,2.24,0.008836842,-0.007980614,-4.239979503
78.7471,3.3,1.1,2.26,0.018987277,0.004418971,-4.215902456
78.7794,3.3,1.1,2.26,0.012905664264690822,-0.024704484,-4.233283789
78.8076,3.3,1.1,2.24,0.014987958784924713,0.002261917,-4.243084788
78.8379,3.3,1.1,2.27,0.010847379054680566,-0.014173667,-4.233266408
78.8682,3.3,1.1,2.27,0.013075182641749082,0.001172075,-4.249861518
78.8976,3.3,1.1,2.25,0.010837952,-0.018777618,-4.240065994
78.9274,3.3,1.1,2.27,0.015107287224694142,-0.000628746,-4.216079596
78.9561,3.3,1.1,2.25,0.015037269294714144,-0.021049427,-4.253433379
78.9883,3.3,1.1,2.27,0.016950922,-0.00140379,-4.22616917
79.0182,3.3,1.1,2.27,0.008971164,-0.022448375,-4.236707419
79.0503,3.3,1.1,2.26,0.015063968395204057,0.0094183,-4.249723116
79.082,3.3,1.1,2.26,0.012779188280850534,-0.022603551,-4.213053807
79.1117,3.3,1.1,2.26,0.012950162313385962,0.015142976,-4.236298532
79.1433,3.3,1.1,2.26,0.015086716570058351,0.013265056112904822,-4.20922609
79.1741,3.3,1.1,2.26,0.008902148,-0.036025778,-4.246913721
79.2044,3.3,1.1,2.24,0.015006581228091316,0.020399229,-4.205803526
79.2352,3.3,1.1,2.25,0.00890743,-0.036262304,-4.24694102
79.2667,3.3,1.1,2.26,0.009041785,0.010313629012265454,-4.243227824
79.2988,3.3,1.1,2.25,0.008937341,-0.017865356,-4.226597709
80.7207,3.4,1.11,2.28,0.007113446,-0.020083266,-4.368502012
80.75,3.4,1.11,2.28,0.013183173472249218,0.002536319,-4.395096236
80.7787,3.4,1.11,2.26,0.013047696264416216,-0.013863276,-4.37842977
80.8095,3.4,1.11,2.29,0.011096772384929225,0.003517052,-4.381760375
80.84,3.4,1.11,2.26,0.015264738290869601,-0.015261213,-4.381722615
80.8722,3.4,1.11,2.26,0.019342605156634322,0.007860299,-4.367876489
80.9008,3.4,1.11,2.28,0.013017824592045674,-0.01628594,-4.371715847
80.9302,3.4,1.11,2.28,0.015184153,0.003555714,-4.381511894
80.9577,3.4,1.1,2.25,0.011062615309399844,-0.033946236,-4.38536333
80.986,3.4,1.11,2.27,0.019322358348327878,0.021783864051340206,-4.364471142
81.0155,3.4,1.11,2.26,0.00715966,-0.003337509,-4.391969432
81.0453,3.4,1.11,2.27,0.019243563,-0.004011645,-4.354534306
81.078,3.4,1.11,2.27,0.017219787545619352,-0.030118769,-4.391871734
81.1104,3.4,1.11,2.27,0.017241127480849053,-8.77E-05,-4.378147138
81.1433,3.4,1.11,2.28,0.008991122,-0.028194673,-4.361807362
81.1757,3.4,1.11,2.27,0.013027183473731132,-0.01842734,-4.385174419
81.2048,3.4,1.11,2.27,0.013050110307393677,-0.016494884,-4.361536181
81.2355,3.4,1.11,2.29,0.015306909436295816,-0.017282273,-4.405332693
81.2654,3.4,1.11,2.26,0.011194277216561865,0.002949745,-4.358117694
81.2945,3.4,1.11,2.27,0.011353189,0.007954502,-4.37822772
81.3236,3.4,1.11,2.27,0.011002944660844201,-0.026675643,-4.375147666
81.3544,3.4,1.11,2.28,0.007217837,0.015110829332194795,-4.378308824
81.3841,3.4,1.11,2.28,0.015113976904965201,-0.029446288,-4.365004795
81.4126,3.4,1.11,2.28,0.015110925,0.015142341,-4.357841241
81.4417,3.4,1.11,2.27,0.013150884114988413,-0.013964182,-4.368249581
81.4697,3.4,1.11,2.26,0.007254548,-0.001572731,-4.368337327
81.4997,3.4,1.1,2.28,0.009164944,-0.01852297,-4.392028115
81.5327,3.4,1.11,2.27,0.007160792,0.008502697,-4.39518827
81.5663,3.4,1.11,2.28,0.015326784835816766,0.012425485875952567,-4.357835414
81.5955,3.4,1.11,2.26,0.015363780349361332,-0.003389269,-4.395064798
83.0093,3.5,1.11,2.29,0.015522950202940053,0.022948216752864944,-4.489463443
83.0403,3.5,1.11,2.28,0.025428527882274156,-0.026687196,-4.513192384
83.071,3.5,1.11,2.29,0.011370229591780334,0.006724351,-4.499914305
83.1001,3.5,1.13,2.28,0.009297526,-0.031312862,-4.527253968
83.1289,3.5,1.13,2.29,0.017398033,0.019382718704013764,-4.482803595
83.1583,3.5,1.11,2.27,0.013328030496099267,-0.033724447,-4.530498531
83.1859,3.5,1.11,2.29,0.017246105814805124,-0.034059603,-4.496699023
83.2149,3.5,1.11,2.3,0.019401966977472283,0.011923722326901998,-4.523232861
83.2446,3.5,1.11,2.28,0.017434981122225926,-0.017673009,-4.503289041
83.2759,3.5,1.11,2.3,0.0153859,0.011657858140321409,-4.516591156
83.3044,3.5,1.11,2.29,0.013398627955492869,-0.019989593,-4.520299223
83.3328,3.5,1.11,2.29,0.011416299373656819,0.004712718,-4.520096867
83.3625,3.5,1.13,2.28,0.009378861,-0.019861478,-4.513637213
83.3917,3.5,1.11,2.29,0.017391154912491703,0.005701331,-4.509850762
83.4187,3.5,1.11,2.28,0.011295994075698163,-0.025178275,-4.544022296
83.4486,3.5,1.11,2.28,0.015342625813660327,-0.007390222,-4.496561319
83.479,3.5,1.11,2.28,0.007209248,-0.022934949,-4.533957518
83.5108,3.5,1.11,2.31,0.017397965,0.012637367889786266,-4.503061752
83.5442,3.5,1.11,2.29,0.017402192907995863,-0.015579527,-4.49316176
83.5747,3.5,1.11,2.29,0.019522562119689734,-0.00238589,-4.51989219
83.6047,3.5,1.13,2.3,0.011295559733620382,-0.016548386,-4.503457192
83.6335,3.5,1.11,2.29,0.017358545,0.005880513,-4.516582269
83.6647,3.5,1.11,2.29,0.00924424,-0.020022983,-4.496789877
83.6945,3.5,1.11,2.29,0.015338553062584232,-0.000114778,-4.506600385
83.723,3.5,1.11,2.29,0.023484496221558397,-0.018614876,-4.52335636
83.7513,3.5,1.11,2.3,0.015360047940400703,0.00897486,-4.493014864
83.7789,3.5,1.11,2.27,0.011287743303741772,-0.030223818,-4.517062849
83.8108,3.5,1.11,2.28,0.013432258480858472,0.017144410470565655,-4.496365096
83.8412,3.5,1.11,2.28,0.013326995427487023,-0.031234909,-4.530516101
83.8728,3.5,1.11,2.29,0.013345516,0.000828742,-4.499919067
85.289,3.6,1.13,2.31,0.017441192006797963,-0.025578863,-4.648627004
85.3205,3.6,1.13,2.31,0.013519141026549475,-0.020451844,-4.679006499
85.3481,3.6,1.13,2.3,0.017638092,-0.023473397,-4.648573743
85.3783,3.6,1.13,2.31,0.021694163521705105,0.009555866,-4.661584692
85.4067,3.6,1.11,2.3,0.019480294062261837,-0.017091259,-4.668716033
85.4357,3.6,1.13,2.3,0.015549460879956886,-0.005896313,-4.645030057
85.4682,3.6,1.13,2.3,0.017416825,-0.025620826,-4.638516786
85.4993,3.6,1.11,2.3,0.013570449714456834,0.009518325,-4.658536746
85.531,3.6,1.13,2.29,0.019642843899327838,-0.010732058,-4.638221889
85.5624,3.6,1.13,2.28,0.015520202543302632,-0.035676494,-4.679044538
85.5911,3.6,1.13,2.3,0.021681835,0.006415196,-4.621193973
85.6189,3.6,1.13,2.29,0.015659559755090813,0.015164679,-4.6516281
85.6483,3.6,1.13,2.3,0.009447974,-0.027977669,-4.648946671
85.6774,3.6,1.13,2.3,0.021853249063301744,0.007275751,-4.675083167
85.7095,3.6,1.13,2.31,0.017547020653924016,-0.025798032,-4.638460465
85.7373,3.6,1.13,2.3,0.013552553673689433,0.002622174,-4.665270819
85.7671,3.6,1.13,2.31,0.013541918,-0.025834022,-4.645308551
85.7967,3.6,1.13,2.28,0.011638317,0.00110512,-4.658605701
85.8284,3.6,1.13,2.3,0.015572972122983343,-0.022092439,-4.655321146
85.8577,3.6,1.13,2.3,0.013709143606729104,0.002404386,-4.665345015
85.8894,3.6,1.13,2.3,0.011527289,-0.031496556,-4.665671834
85.9194,3.6,1.13,2.3,0.015700246312818078,0.010502584699711166,-4.661772103
85.95,3.6,1.13,2.31,0.017449337164869676,-0.023316425,-4.645244358
85.9791,3.6,1.13,2.28,0.013628882,0.021251075,-4.668582454
86.0099,3.6,1.13,2.31,0.013509632420315255,-0.025625078,-4.655488217
86.0433,3.6,1.13,2.3,0.015584289505846945,-0.031061736,-4.679058173
86.0771,3.6,1.13,2.31,0.021646744,0.002480635,-4.665077226
86.1078,3.6,1.13,2.31,0.013527204618575914,-0.018758689,-4.645305986
86.1422,3.6,1.13,2.3,0.011451652,-0.028721077,-4.665669621
86.172,3.6,1.13,2.32,0.013585077,0.013316466,-4.621446593
87.5646,3.7,1.14,2.32,0.017816969,-0.035761577,-4.820889396
87.5929,3.7,1.14,2.31,0.021823867464843185,0.017256404198367936,-4.766339953
87.622,3.7,1.14,2.31,0.00768327,0.000258842,-4.81417489
87.651,3.7,1.14,2.32,0.011573166562458909,-0.027814505,-4.794089911
87.6796,3.7,1.14,2.31,0.021995184317794087,0.003787215,-4.816992739
87.7073,3.7,1.14,2.31,0.011733181,-0.018553935,-4.793924211
87.7361,3.7,1.14,2.32,0.021822493369287224,0.005955718,-4.789990824
87.7667,3.7,1.14,2.31,0.021780959607838008,-0.017166916,-4.807133376
87.7982,3.7,1.14,2.31,0.009757522,-0.005776861,-4.80397882
87.8267,3.7,1.14,2.31,0.017750207892560148,-0.019586381,-4.807288183
87.8562,3.7,1.14,2.31,0.013784366283050464,0.008179817,-4.780145843
87.8888,3.7,1.14,2.32,0.0218051,-0.019638298,-4.800336356
87.9164,3.7,1.14,2.33,0.015819246,-0.000185096,-4.783518741
87.9456,3.7,1.14,2.32,0.015799091074136323,-0.025391088,-4.807285477
87.9747,3.7,1.14,2.31,0.015811540802080505,0.025568551669851253,-4.786835328
88.003,3.7,1.14,2.31,0.015816861098497274,-0.006782421,-4.807211407
88.0384,3.7,1.14,2.32,0.023837407,-0.021139596,-4.783437447
88.0691,3.7,1.14,2.31,0.013800767441632207,-0.012768285,-4.793802008
88.1009,3.7,1.14,2.31,0.019800972035081986,0.009601192,-4.803520736
88.1309,3.7,1.14,2.33,0.015651241352168326,-0.032649553,-4.787206163
88.1619,3.7,1.14,2.3,0.017827118,0.008339619,-4.793463258
88.1916,3.7,1.14,2.31,0.015606656164461103,-0.027996886,-4.780489674
88.2202,3.7,1.14,2.32,0.015898099321480817,0.007152546,-4.807053732
88.2493,3.7,1.14,2.33,0.015696174090769052,-0.018245309,-4.814090522
88.278,3.7,1.14,2.29,0.015806854527884235,-0.004700545,-4.786856518
88.3094,3.7,1.13,2.31,0.011779396179284212,-0.018621506,-4.800696144
88.3392,3.7,1.13,2.35,0.021905516322299916,0.003534332,-4.790027668
88.3674,3.7,1.13,2.33,0.017803185053106817,-0.01714556,-4.807222655
88.3965,3.7,1.13,2.33,0.017752389956502863,0.003524749,-4.78340799
88.4253,3.7,1.13,2.32,0.013715809241595166,-0.028626979,-4.814245987
89.8464,3.8,1.14,2.33,0.023986389502050978,-0.038064263,-4.949014951
89.8759,3.8,1.14,2.34,0.020035469554133854,0.019572099142331316,-4.898127028
89.9077,3.8,1.14,2.33,0.020037447,-0.021687949,-4.949060872
89.9393,3.8,1.14,2.33,0.013930224217835914,0.00691453,-4.918652126
89.9697,3.8,1.14,2.33,0.015998520882833746,-0.017140919,-4.945799248
90.0026,3.8,1.14,2.36,0.016140605678267382,0.00589519,-4.938793691
90.0423,3.8,1.14,2.32,0.021934751,-0.004922648,-4.898268314
90.0726,3.8,1.14,2.34,0.015972601,-0.026569268,-4.942481112
90.1053,3.8,1.14,2.33,0.011983638546560961,-0.012581688,-4.949199683
90.1371,3.8,1.14,2.33,0.015990971223312188,0.014993077186924813,-4.918519856
90.1669,3.8,1.14,2.33,0.019946360474298208,-0.037773046,-4.966029054
90.1996,3.8,1.14,2.33,0.020088528625951802,0.005768875,-4.911683881
90.2319,3.8,1.14,2.34,0.015981975,-0.014950206,-4.928858224
90.2638,3.8,1.14,2.34,0.020085693647888647,0.010854304,-4.93858839
90.2937,3.8,1.14,2.34,0.015861364904754673,-0.031214383,-4.942584868
90.3254,3.8,1.14,2.33,0.011932247947320064,-0.026307813,-4.956047056
90.3551,3.8,1.14,2.33,0.0219038,-0.009387303,-4.911854343
90.3874,3.8,1.14,2.33,0.009924555,-0.036746827,-4.962961327
90.4197,3.8,1.14,2.35,0.022055746460295067,0.009622868,-4.938614304
90.4562,3.8,1.14,2.32,0.021945773594580636,-0.023150641,-4.925356259
90.4868,3.8,1.14,2.34,0.017982968237106354,-0.036920206,-4.94915442
90.5184,3.8,1.14,2.33,0.009941712,0.009219356,-4.922158853
90.5515,3.8,1.14,2.33,0.022015118102964817,-0.020986232,-4.925372968
90.5838,3.8,1.14,2.33,0.014131451975444017,0.011842289747526328,-4.948961601
90.6126,3.8,1.14,2.34,0.011931087203006546,-0.028919085,-4.946029141
90.6419,3.8,1.15,2.34,0.018019442280558996,0.000395056,-4.942116956
90.6745,3.8,1.14,2.33,0.015919396905623787,-0.031523434,-4.925639401
90.7069,3.8,1.14,2.33,0.013861493403237715,-0.039420722,-4.942668333
90.7367,3.8,1.15,2.33,0.017985508499663308,0.013637726624660743,-4.894890301
90.7704,3.8,1.14,2.33,0.015848973,-0.035729832,-4.945922644
92.1679,3.9,1.14,2.36,0.010010819453125458,-0.03554281,-5.098099473
92.1975,3.9,1.14,2.35,0.020214144636238447,0.006984397,-5.053559668
92.2259,3.9,1.14,2.33,0.018255036,0.006128002,-5.087330152
92.2546,3.9,1.14,2.35,0.014173343921573356,-0.021700342,-5.091120488
92.2833,3.9,1.14,2.34,0.02222632,-0.000695744,-5.077147208
92.312,3.9,1.14,2.35,0.022265875232369173,-0.017198045,-5.084072374
92.3405,3.9,1.14,2.35,0.010170674258279397,0.006101966,-5.091019847
92.3703,3.9,1.14,2.35,0.012260567779919592,-0.022790184,-5.097897219
92.4021,3.9,1.14,2.36,0.022250808945363368,-0.000923541,-5.073822572
92.4314,3.9,1.14,2.36,0.018285537,-0.021859715,-5.090995532
92.4631,3.9,1.14,2.33,0.014147215928028466,-0.00317213,-5.080839976
92.4927,3.9,1.14,2.35,0.020146464060626843,-0.028079931,-5.050476845
92.5251,3.9,1.14,2.34,0.016257999502148904,0.009649562,-5.077204596
92.5554,3.9,1.14,2.34,0.018080565122937264,-0.030925024,-5.080948134
92.5868,3.9,1.14,2.35,0.016250231,0.000401775,-5.090858703
92.6147,3.9,1.14,2.35,0.015985690163134322,-0.020793735,-5.060771909
92.6445,3.9,1.14,2.35,0.014185256804220382,0.003726795,-5.084195478
92.676,3.9,1.14,2.37,0.014057658774199502,-0.028897991,-5.074296361
92.7127,3.9,1.14,2.35,0.024350884,0.004952687,-5.080403717
92.7444,3.9,1.14,2.35,0.016172887,-0.002081009,-5.080814012
92.7759,3.9,1.14,2.35,0.011990019566842392,-0.02766853,-5.067595261
92.8099,3.9,1.14,2.33,0.020192833627219447,-0.032275625,-5.07408334
92.8425,3.9,1.14,2.34,0.018224227,0.003711293,-5.06717472
92.8754,3.9,1.14,2.35,0.014085034838433945,-0.024413001,-5.067586006
92.9081,3.9,1.14,2.35,0.016180683960199532,-0.002062156,-5.073958981
92.9393,3.9,1.14,2.35,0.018234457194888084,0.014755116582286197,-5.036675474
92.9714,3.9,1.15,2.34,0.020185694611163804,-0.027798667,-5.070649339
93.0024,3.9,1.14,2.36,0.022213774,-0.001083071,-5.063650423
93.0494,3.9,1.14,2.36,0.018165847,-0.015036568,-5.063952315
93.0819,3.9,1.14,2.35,0.022226083979925884,0.019676423,-5.046690266
94.475,4,1.15,2.35,0.020421588502160005,-0.024249781,-5.219286469
94.5032,4,1.15,2.36,0.016379964041215028,-0.00112662,-5.202413041
94.5317,4,1.15,2.36,0.018320062723867995,-0.036625407,-5.229508666
94.5624,4,1.15,2.35,0.018458162105662087,0.014088075720074016,-5.205533394
94.5928,4,1.15,2.37,0.014391385876892118,-0.020516079,-5.226209308
94.6224,4,1.15,2.35,0.016313004647545586,0.003306297,-5.178703666
94.6545,4,1.15,2.37,0.014300015,-0.020656653,-5.212672097
94.6844,4,1.15,2.38,0.016409864645007325,-0.007932889,-5.215926041
94.7146,4,1.15,2.36,0.020353874,-0.021829092,-5.219325205
94.7437,4,1.15,2.37,0.018381049,0.002675881,-5.219170793
94.7738,4,1.15,2.36,0.022364337937944137,-0.017850286,-5.22923492
94.8014,4,1.15,2.38,0.020548931,0.015090593552587492,-5.20547927
94.8314,4,1.15,2.37,0.016360065,-0.033048201,-5.249886092
94.8632,4,1.15,2.36,0.022460798,0.006957457,-5.192060107
94.8921,4,1.15,2.38,0.018307787305301845,-0.029967861,-5.212636738
94.9208,4,1.15,2.36,0.018399725,0.013798081767617716,-5.188712835
94.9491,4,1.15,2.37,0.014437142106144208,0.002645744,-5.2090874
94.9782,4,1.15,2.37,0.014404870488796587,-0.036948035,-5.236452115
95.0072,4,1.15,2.37,0.020458014,0.008637836,-5.212200554
95.0606,4,1.15,2.36,0.016340767300749987,-0.022079574,-5.195814475
95.0939,4,1.15,2.35,0.024402227,-0.021772172,-5.215787244
95.1255,4,1.15,2.36,0.018471869,0.000273348,-5.212352606
95.1538,4,1.15,2.36,0.022473131230093257,-0.018157956,-5.22253019
95.1828,4,1.15,2.35,0.018356426271854496,0.009349506,-5.185354258
95.2122,4,1.15,2.36,0.016339595908932955,-0.033080738,-5.236348359
95.24,4,1.15,2.35,0.020469071606927444,0.001013556,-5.188760927
95.2685,4,1.14,2.38,0.020592509905992762,0.00369853,-5.219012405
95.2991,4,1.15,2.38,0.018300972,-0.025461141,-5.212650896
95.3308,4,1.15,2.38,0.014251265256834993,-0.034501041,-5.219533119
95.3604,4,1.14,2.37,0.018255778,-0.004893713,-5.171980856
